,Caso X,D,L,Beta,Velocidad,Angulo,A,B,Q,Reynolds,TotalAreaInlet,P
0,Caso 1,0.04,0.9,0.2,0.2041178614634748,0,245014914.4544135,-3823779913866.431,6.399464934591974e-05,-1223.6576294315084,0.0003136217782787035,19.25206586006858
1,Caso 10,0.055,0.9,0.2,0.20406431396966174,0,-665176391.434755,10392767219841.184,6.403407526460635e-05,-1223.3366198007416,0.0003136217782787035,19.334153651881273
2,Caso 10,0.055,0.9,0.2,0.20357578813321967,120,-81764686.88100033,1251365136032.5688,6.388520448584045e-05,-1220.4080227159247,0.0003136218019297123,119.50716812276771
3,Caso 10,0.055,0.9,0.2,0.20506355649564137,-120,-539298284.5107965,8382980693092.126,6.431218724853161e-05,-1228.085670867744,0.00031298876267923,125.71207190940665
4,Caso 10,0.055,0.9,0.2,0.20514272838196845,145,-81373614.09848331,1248172849350.1633,6.429132230384179e-05,-1228.5598158635464,0.00031298876267923,92.63630671676661
5,Caso 10,0.055,0.9,0.2,0.20523240219116998,-145,215014728.47879812,-3369954000979.744,6.435924739265553e-05,-1229.0968548285118,0.00031298876267923,74.3486350109398
6,Caso 10,0.055,0.9,0.2,0.20492160708967594,170,-17911658.911057632,271552221040.5296,6.42706080698652e-05,-1227.2355635428082,0.00031298876267923,27.946232758772354
7,Caso 10,0.055,0.9,0.2,0.20473615463920933,-170,-87154434.16325183,1353553461351.183,6.418510866551515e-05,-1226.1249249635432,0.00031298876267923,26.70130319927814
8,Caso 11,0.055,1.1,0.2,0.20412235720755234,0,-369216800.56424433,5764789367883.2295,6.403947482875797e-05,-1223.6845807796217,0.0003136217782787035,20.752715699739166
9,Caso 11,0.055,1.1,0.2,0.20350411576283922,120,-372983351.7058494,5819229680396.802,6.386160344892098e-05,-1219.9783570045872,0.0003136218019297123,123.78032467782894
10,Caso 11,0.055,1.1,0.2,0.20485520395096035,-120,256240648.1970552,-4031234115672.852,6.421743985418665e-05,-1226.8378880876915,0.00031298876267923,118.68603848811297
11,Caso 11,0.055,1.1,0.2,0.2055073182759674,-145,-13191914.220347958,186115238645.97675,6.439352768939052e-05,-1230.7432736764067,0.00031298876267923,79.00577491943395
12,Caso 11,0.055,1.1,0.2,0.2047103900523214,-170,-27601663.008740004,421733436872.8424,6.405763717293818e-05,-1225.970625874453,0.00031298876267923,34.15925392886215
13,Caso 12,0.055,1.3,0.2,0.21275796527745258,0,667919704.3541383,-10019226349356.12,6.673489760984468e-05,-1275.4536567375428,0.0003136216948566748,21.350491467068448
14,Caso 12,0.055,1.3,0.2,0.20381117754188274,120,-204217883.67305836,3169435095273.608,6.395828844113869e-05,-1221.8191488887817,0.0003136218019297123,121.1477550208644
15,Caso 12,0.055,1.3,0.2,0.2052171955361142,-120,56261385.51621144,-907334924291.608,6.434019008837347e-05,-1229.0057851353151,0.00031298876267923,119.25301273754151
16,Caso 12,0.055,1.3,0.2,0.20484216245134312,145,66704570.262635544,-1062229901398.7365,6.416077683479949e-05,-1226.7597850884056,0.00031298876267923,82.76336341974718
17,Caso 12,0.055,1.3,0.2,0.20501407315086936,-145,10289143.707934393,-179398792877.53137,6.41785780101094e-05,-1227.7893247607146,0.00031298876267923,85.55761749876369
18,Caso 12,0.055,1.3,0.2,0.20483448825454667,170,38737810.747153364,-613932453761.3291,6.42063151967484e-05,-1226.7138258195712,0.00031298876267923,34.16864310669868
19,Caso 12,0.055,1.3,0.2,0.20421744718155654,-170,9092563.851497503,-151371842033.25656,6.397153399795463e-05,-1223.0184871010497,0.00031298876267923,36.95263888873172
20,Caso 13,0.055,0.9,0.6,0.21197197320223754,0,-445009628.29435796,6691530758246.987,6.651870769250128e-05,-1270.7419153565024,0.00031362177827870335,21.335176435888197
21,Caso 13,0.055,0.9,0.6,0.20525466445553353,-120,23909932.29267417,-403834862031.3566,6.428917846018262e-05,-1229.230179190642,0.00031298876267923,121.71141034895602
22,Caso 13,0.055,0.9,0.6,0.2048746601151525,145,-37039099.92041091,559323849224.5515,6.417321350321964e-05,-1226.954407262833,0.00031298876267923,85.20811796428322
23,Caso 13,0.055,0.9,0.6,0.20508461015574284,-145,60327749.59658253,-961727398936.1434,6.424630529203863e-05,-1228.211757134518,0.00031298876267923,84.42363211018197
24,Caso 13,0.055,0.9,0.6,0.20522662299807556,170,-63972291.10314682,988260760495.1787,6.425458572465741e-05,-1229.0622443674931,0.00031298876267923,28.75158297630397
25,Caso 13,0.055,0.9,0.6,0.20493417668163047,-170,-98441904.81966126,1527411794192.7864,6.419747977343632e-05,-1227.3108403790818,0.00031298876267923,26.354300724510637
26,Caso 14,0.055,1.1,0.6,0.20335471124521093,0,-437058025.0619238,6849378623434.653,6.380752592198537e-05,-1219.082652110633,0.00031362177827870335,24.8947151520965
27,Caso 14,0.055,1.1,0.6,0.20342374360241583,120,105625968.52994297,-1686541768912.586,6.381271205716038e-05,-1219.4965372838672,0.0003136218019297123,111.08924447474315
28,Caso 14,0.055,1.1,0.6,0.20479798342952216,-120,138418995.48160762,-2192952732375.1663,6.419668451912487e-05,-1226.4952055376632,0.00031298876267923,131.4877891380416
29,Caso 14,0.055,1.1,0.6,0.2047057360349693,145,-94875505.46194395,1461643080949.8118,6.414741395392394e-05,-1225.9427538716468,0.00031298876267923,92.09812685576303
30,Caso 14,0.055,1.1,0.6,0.20522544290141062,-145,108807611.01651871,-1715361621076.7214,6.434075067204899e-05,-1229.0551769985798,0.00031298876267923,78.16294987957866
31,Caso 14,0.055,1.1,0.6,0.20529095121379828,170,-95703482.891428,1481337332010.3213,6.436126835037423e-05,-1229.4474935132293,0.00031298876267923,38.78975539828146
32,Caso 14,0.055,1.1,0.6,0.20524043899101932,-170,-60283429.83021079,929734662156.0992,6.434870822758912e-05,-1229.144985656355,0.00031298876267923,32.87453428420751
33,Caso 15,0.055,1.3,0.6,0.2117685526424882,0,340156323.7406801,-5129018238190.798,6.646295507200523e-05,-1269.5224379519486,0.00031362177827870335,21.6124593354489
34,Caso 15,0.055,1.3,0.6,0.20337667739821294,120,-458374630.32250196,7161923000766.913,6.381865788007502e-05,-1219.214382054433,0.0003136218019297123,133.73550856364503
35,Caso 15,0.055,1.3,0.6,0.2054074849134711,-120,259686845.73236054,-4073908366509.9785,6.431340065969694e-05,-1230.1453911269598,0.00031298876267923,120.93275118227926
36,Caso 15,0.055,1.3,0.6,0.20496785014063562,-145,-202379920.2915725,3138530688429.1655,6.420013532704598e-05,-1227.512504161762,0.00031298876267923,88.95194972972718
37,Caso 15,0.055,1.3,0.6,0.20448554285961854,170,-144983689.92602333,2258159864543.499,6.406514735485856e-05,-1224.624059862373,0.00031298876267923,33.688622408247696
38,Caso 15,0.055,1.3,0.6,0.20487230409325222,-170,-104650600.86931163,1624073670657.5454,6.417939855100612e-05,-1226.940297506885,0.00031298876267923,45.18518836356249
39,Caso 16,0.055,0.9,1.0,0.21220645780080127,0,-487365757.52171564,7319164587698.336,6.662517245327678e-05,-1272.1476172679347,0.0003136217782787033,24.216531351600448
40,Caso 16,0.055,0.9,1.0,0.20336567516906376,120,58475988.17285678,-948404300183.3467,6.377845066075188e-05,-1219.148425248643,0.0003136218019297123,120.06493305581554
41,Caso 16,0.055,0.9,1.0,0.2052197523745872,-120,421222490.56283617,-6598242757376.481,6.431692793585195e-05,-1229.0210975425762,0.00031298876267923,119.87706900698224
42,Caso 16,0.055,0.9,1.0,0.20514114045963652,-145,-23743287.26731043,347688429197.41266,6.42062005094407e-05,-1228.550306106203,0.00031298876267923,83.55070370971723
43,Caso 16,0.055,0.9,1.0,0.20542390084350923,170,-142736238.52621898,2213199637106.07,6.431616520481458e-05,-1230.2437029323255,0.00031298876267923,31.657841733210475
44,Caso 16,0.055,0.9,1.0,0.20461459991085673,-170,-155062844.74397728,2414403224643.345,6.407794967971253e-05,-1225.3969573876993,0.00031298876267923,31.96792510078492
45,Caso 17,0.055,1.1,1.0,0.21212156998927528,0,-242859392.7496293,3644488307800.6846,6.656670161432576e-05,-1271.638726877477,0.0003136217782787033,31.4769117803956
46,Caso 17,0.055,1.1,1.0,0.20499379454729835,-120,168083794.70311648,-2655077324570.854,6.41864505629737e-05,-1227.667880156435,0.00031298876267923,122.86093098847212
47,Caso 17,0.055,1.1,1.0,0.20546617923943558,145,-170605024.12444395,2634536126056.9907,6.43987163942685e-05,-1230.4969000050367,0.00031298876267923,93.12490497506836
48,Caso 17,0.055,1.1,1.0,0.20528253702997187,-145,486224929.1906149,-7596488742727.624,6.438363134674559e-05,-1229.3971026063034,0.00031298876267923,77.25937968848535
49,Caso 17,0.055,1.1,1.0,0.20510665818079546,170,-127567121.62232548,1979414007434.0254,6.421033448041793e-05,-1228.3437984591726,0.00031298876267923,40.078275702670744
50,Caso 17,0.055,1.1,1.0,0.20487749615208115,-170,-45258508.33020421,695995374219.9445,6.424006876926584e-05,-1226.971391735226,0.00031298876267923,35.59193702481029
51,Caso 18,0.055,1.3,1.0,0.21199976474127677,0,290884184.0467756,-4382188173529.698,6.654966168428567e-05,-1270.9085216913675,0.0003136217782787033,22.34231842459612
52,Caso 18,0.055,1.3,1.0,0.20494430970032784,-120,-294488767.13529193,4566235740217.063,6.419252038259122e-05,-1227.3715250530313,0.00031298876267923,121.55018531064502
53,Caso 18,0.055,1.3,1.0,0.20485748794624384,145,-147124961.5286646,2276185778194.6665,6.421528587103948e-05,-1226.8515664902702,0.00031298876267923,90.991304891654
54,Caso 18,0.055,1.3,1.0,0.20522465470711676,-145,-188459096.48411435,2915737552758.774,6.431857650054934e-05,-1229.050456656581,0.00031298876267923,83.17345180899478
55,Caso 18,0.055,1.3,1.0,0.2049735429971113,170,-99397639.79772201,1541329091654.9963,6.422455212523713e-05,-1227.5465975695988,0.00031298876267923,41.54442301018192
56,Caso 18,0.055,1.3,1.0,0.20548606569491396,-170,-127357206.42673326,1971540980136.0298,6.442569713263207e-05,-1230.615996110823,0.00031298876267923,48.819086940286944
57,Caso 19,0.08,0.9,0.2,0.20541430659553253,0,-446405626.019268,6943912124551.078,6.436272736889698e-05,-1230.1804047713115,0.00031298579097466033,22.59570419642833
58,Caso 19,0.08,0.9,0.2,0.20471849768797293,-120,-125002357.93205957,1922999444710.3264,6.416464800960205e-05,-1226.0191809241087,0.00031298876267923,135.45882863601022
59,Caso 19,0.08,0.9,0.2,0.2056931250476166,145,-1463057760.2058108,22738970875964.42,6.443480675422872e-05,-1231.8560342161734,0.00031298876267923,91.19920555428048
60,Caso 19,0.08,0.9,0.2,0.2053881826556931,-145,55375590.34067674,-883161380180.2474,6.440007746876711e-05,-1230.029793667335,0.00031298876267923,84.84809657324993
61,Caso 19,0.08,0.9,0.2,0.2048066128702216,170,66679135.15210822,-1050407077486.9111,6.413841064604888e-05,-1226.5468855760457,0.00031298876267923,24.853885536029388
62,Caso 19,0.08,0.9,0.2,0.20486698529966244,-170,49049488.66628294,-774887857828.4437,6.412614056404156e-05,-1226.908444288763,0.00031298876267923,27.862911398285128
63,Caso 1,0.04,0.9,0.2,0.20533199388957812,-120,4852639.9957230715,-104447829250.80463,6.432683272877728e-05,-1229.6932900988375,0.00031298876267923,116.41233683423629
64,Caso 1,0.04,0.9,0.2,0.20541366290800026,145,-28644865.42186621,427359996181.02423,6.425222518462599e-05,-1230.1823899320407,0.00031298876267923,82.08857998387863
65,Caso 1,0.04,0.9,0.2,0.20504133608740738,-145,-40636426.84797462,614960148212.0055,6.422605720640593e-05,-1227.9525971738155,0.00031298876267923,82.64660255037987
66,Caso 1,0.04,0.9,0.2,0.2049370196165705,170,-50338304.04901777,777603886027.0166,6.412582973334964e-05,-1227.3278661623206,0.00031298876267923,24.92691637824225
67,Caso 1,0.04,0.9,0.2,0.20515782339125205,-170,-114758456.68064229,1780705389918.6853,6.429200353401997e-05,-1228.6502169319745,0.00031298876267923,30.1051547373354
68,Caso 2,0.04,1.1,0.2,0.21310256260226937,0,-353946471.6009843,5293077374736.14,6.686894312625701e-05,-1277.5196384581668,0.0003136217782787035,22.147460555975634
69,Caso 20,0.08,1.1,0.2,0.21290294824152417,0,37282039.23013241,-564028798164.0182,6.680845376224572e-05,-1276.32297867681,0.0003136217782787035,22.023173790428984
70,Caso 20,0.08,1.1,0.2,0.2124835183924014,120,-24289121.28644114,334081665004.4743,6.672041986525455e-05,-1273.8086042496225,0.0003136218019297123,134.7726760676077
71,Caso 20,0.08,1.1,0.2,0.20508312404103443,-120,-217841483.08478305,3369580246383.6855,6.42330942117544e-05,-1228.2028570831885,0.00031298876267923,132.99178086725064
72,Caso 20,0.08,1.1,0.2,0.2048675957965032,145,-181663700.0319459,2815689179096.3916,6.421324140490849e-05,-1226.9121004353503,0.00031298876267923,93.2732393011215
73,Caso 20,0.08,1.1,0.2,0.20544387692616822,170,-427320830.1952041,6644075663491.955,6.435157050103916e-05,-1230.3633357978274,0.00031298876267923,30.833436070971345
74,Caso 20,0.08,1.1,0.2,0.20487246602834558,-170,-31320224.126042247,479321212338.8887,6.412211476992666e-05,-1226.9412673045963,0.00031298876267923,36.87958994100259
75,Caso 21,0.08,1.3,0.2,0.21261556282926283,0,96562469.30791233,-1453616370719.5476,6.666842061639826e-05,-1274.599974371127,0.00031362169485667517,21.284037789693073
76,Caso 21,0.08,1.3,0.2,0.20510997234586625,-120,-1289906476.9744833,20083660381895.297,6.430962028325145e-05,-1228.363646347817,0.00031298876267923,127.61507555060855
77,Caso 21,0.08,1.3,0.2,0.20488638500885073,145,-1023486848.9155493,15957998231735.668,6.42419029640668e-05,-1227.02462536589,0.00031298876267923,94.93027352832458
78,Caso 21,0.08,1.3,0.2,0.20491878582552822,-145,-414088996.46959805,6445406644939.208,6.424138401406147e-05,-1227.2186675417208,0.00031298876267923,97.12558152003812
79,Caso 21,0.08,1.3,0.2,0.20509403706966522,170,-26204815.654236693,398799661211.7349,6.42481266317838e-05,-1228.2682130845972,0.00031298876267923,38.362085676989665
80,Caso 21,0.08,1.3,0.2,0.20491107469209324,-170,-26071142.13876219,396977544868.9309,6.423907210437909e-05,-1227.1724870665576,0.00031298876267923,40.08573058527342
81,Caso 22,0.08,0.9,0.6,0.211763514672623,0,-428791850.25100446,6453383697839.279,6.646199010299513e-05,-1269.4922360371422,0.00031362177827870335,22.769577134757775
82,Caso 22,0.08,0.9,0.6,0.20528619288467315,-120,-71393909.30392249,1081273957564.595,6.437155407442214e-05,-1229.418996807546,0.00031298876267923,135.57621520902163
83,Caso 22,0.08,0.9,0.6,0.2054198753398891,145,166803145.8055383,-2617628390634.1797,6.433806279465983e-05,-1230.2195949757563,0.00031298876267923,84.48008146438522
84,Caso 22,0.08,0.9,0.6,0.20553499686701412,-145,95208274.84546186,-1503396233617.98,6.444015210973968e-05,-1230.9090353633449,0.00031298876267923,88.03775567128658
85,Caso 22,0.08,0.9,0.6,0.20505384143216107,170,132474279.96663669,-2075600625292.597,6.424624922560384e-05,-1228.027489246126,0.00031298876267923,29.187666782849973
86,Caso 22,0.08,0.9,0.6,0.20489421486002238,-170,-212429719.5476954,3306418510896.927,6.426305792939654e-05,-1227.0715168184388,0.00031298876267923,27.641362578212483
87,Caso 23,0.08,1.1,0.6,0.2050025237097607,0,-2222007.715869362,26067815050.430996,6.424535733663755e-05,-1227.7144619368414,0.0003129858587362686,23.541055923957206
88,Caso 23,0.08,1.1,0.6,0.20502778074248074,-120,41856526.1155109,-684009319312.9475,6.427673500650757e-05,-1227.8714168551253,0.00031298876267923,118.21210046903977
89,Caso 23,0.08,1.1,0.6,0.20509317045902542,145,-281944675.7046455,4377845087792.247,6.429787300158927e-05,-1228.2630231223868,0.00031298876267923,97.3481747701152
90,Caso 23,0.08,1.1,0.6,0.20498058543364472,-145,123519967.26416098,-1949424097419.822,6.422208056175925e-05,-1227.5887733493548,0.00031298876267923,82.38119308221052
91,Caso 23,0.08,1.1,0.6,0.20518731313691912,170,-31563660.523654547,482907257725.78625,6.431373235584198e-05,-1228.8268252709213,0.00031298876267923,29.818229350347888
92,Caso 23,0.08,1.1,0.6,0.20510993496182975,-170,-43078669.00171362,661665685711.4326,6.427047887284064e-05,-1228.363422462109,0.00031298876267923,48.901000306330054
93,Caso 24,0.08,1.3,0.6,0.20500473180912962,0,-262655113.47208586,4091654525554.139,6.42373419907629e-05,-1227.7276857522345,0.0003129858587362686,21.07467704912845
94,Caso 24,0.08,1.3,0.6,0.20555010426695905,-120,-180065523.27845767,2773840405060.172,6.436513571863883e-05,-1230.9995106370284,0.00031298876267923,117.12064017969888
95,Caso 24,0.08,1.3,0.6,0.20475386557170042,145,-69093711.3284673,1058089268441.0852,6.413121939423452e-05,-1226.2309922861905,0.00031298876267923,95.6414235236155
96,Caso 24,0.08,1.3,0.6,0.20478336406597614,-145,-307159084.702869,4779564674760.969,6.413922665777396e-05,-1226.4076530188495,0.00031298876267923,99.54416170455406
97,Caso 24,0.08,1.3,0.6,0.2046439490196388,170,5491879.927582962,-96099383588.01564,6.410594708646776e-05,-1225.5727234797537,0.00031298876267923,42.00231233639601
98,Caso 24,0.08,1.3,0.6,0.2048837722806268,-170,-75056538.24222061,1162831848780.5647,6.416031034413553e-05,-1227.0089782458042,0.00031298876267923,41.77995538960621
99,Caso 25,0.08,0.9,1.0,0.20529991110162213,0,68016724.69621947,-1069600595884.695,6.432736811989116e-05,-1229.4954488007047,0.0003129858587362685,26.68841109831193
100,Caso 25,0.08,0.9,1.0,0.2049975525487767,-120,-255266646.83925432,3949452205987.357,6.427730395493255e-05,-1227.690386094816,0.00031298876267923,143.75616012116072
101,Caso 25,0.08,0.9,1.0,0.20508073511685385,145,102242563.0365524,-1614771868183.1677,6.428933968587353e-05,-1228.1885502818966,0.00031298876267923,84.48790095797477
102,Caso 25,0.08,0.9,1.0,0.20503140288384472,-145,11687846.365169121,-204123172232.7636,6.429573038984589e-05,-1227.8931091537618,0.00031298876267923,96.68231049268479
103,Caso 25,0.08,0.9,1.0,0.20497812019838893,170,70249237.38664597,-1106224778922.6357,6.425874413684248e-05,-1227.5740095359074,0.00031298876267923,34.13214646548081
104,Caso 25,0.08,0.9,1.0,0.20479266653390005,-170,-77511697.67481622,1200959011981.814,6.418890184792768e-05,-1226.4633636860997,0.00031298876267923,33.28138469369975
105,Caso 26,0.08,1.1,1.0,0.20492836823840374,0,-106450507.09500211,1652949602374.2397,6.427812536636162e-05,-1227.270361332765,0.0003129858587362685,31.602955007475128
106,Caso 26,0.08,1.1,1.0,0.20527997383194513,-120,163373524.39170894,-2577257051082.7305,6.435378940524884e-05,-1229.3817521129147,0.00031298876267923,121.24140253856338
107,Caso 26,0.08,1.1,1.0,0.2047500744963703,145,-1908043940.4175074,29774925943336.117,6.423483164712086e-05,-1226.2082882749578,0.00031298876267923,97.42368812385531
108,Caso 26,0.08,1.1,1.0,0.20578146507342748,-145,311529194.5944198,-4862827715474.936,6.457185968976533e-05,-1232.38508541238,0.00031298876267923,82.69266975255985
109,Caso 26,0.08,1.1,1.0,0.20539614542292545,170,-255863442.10764745,3972292963627.23,6.447765280968124e-05,-1230.0774811282645,0.00031298876267923,49.30085083157266
110,Caso 26,0.08,1.1,1.0,0.20503161302340894,-170,-114910390.59275377,1781065774130.3467,6.43305541589159e-05,-1227.8943676386536,0.00031298876267923,47.51139069619633
111,Caso 27,0.08,1.3,1.0,0.20469400165246232,0,-2021872763.0368295,31580209052165.438,6.41908189160609e-05,-1225.8667920412843,0.0003129858587362685,22.561007119896626
112,Caso 27,0.08,1.3,1.0,0.20552014647692157,-120,-45255968.83182583,672475195747.3414,6.44291490216583e-05,-1230.8200992715736,0.00031298876267923,133.52614857061792
113,Caso 27,0.08,1.3,1.0,0.20485000611380105,145,200418867.103584,-3150966084453.4014,6.425212593963073e-05,-1226.806759254056,0.00031298876267923,89.7075000788472
114,Caso 27,0.08,1.3,1.0,0.20510641515169278,-145,-203538405.41312876,3151762649079.475,6.432749976909599e-05,-1228.3423430052455,0.00031298876267923,97.77659566069943
115,Caso 27,0.08,1.3,1.0,0.20537868946824808,170,-119858921.33310597,1856423057339.2363,6.436212777206552e-05,-1229.972940818046,0.00031298876267923,45.59589904195562
116,Caso 27,0.08,1.3,1.0,0.20513931494510143,-170,-56757207.643684715,874192920155.6606,6.435150896478513e-05,-1228.5393734554636,0.00031298876267923,38.20765117946358
117,Caso 2,0.04,1.1,0.2,0.2051341305470643,-120,-67771033.67342202,1029462533817.3998,6.429958054800621e-05,-1228.5083251061117,0.00031298876267923,118.69151729776883
118,Caso 2,0.04,1.1,0.2,0.20502155062855917,145,-43286002.84038253,656724206801.824,6.427966921089824e-05,-1227.8341059171619,0.00031298876267923,72.75962558173795
119,Caso 2,0.04,1.1,0.2,0.20537419935602294,-145,163782359.4280209,-2569184454496.06,6.442185475677335e-05,-1229.9460504110984,0.00031298876267923,76.14718325018595
120,Caso 2,0.04,1.1,0.2,0.20530116286234232,170,82549581.1265161,-1293928249786.9255,6.438301273229304e-05,-1229.5086490860049,0.00031298876267923,28.555848102234204
121,Caso 2,0.04,1.1,0.2,0.20544324058488395,-170,-150445055.27437234,2333879191833.805,6.445822538721943e-05,-1230.3595248739052,0.00031298876267923,28.546088240653074
122,Caso 3,0.04,1.3,0.2,0.21306848091365083,0,236357870.32594892,-3543516976850.674,6.683927962745116e-05,-1277.3151536885352,0.000313621694856675,21.571605771896802
123,Caso 3,0.04,1.3,0.2,0.20525956183122337,-120,-63673583.65355948,964359000286.2823,6.435435306258358e-05,-1229.2595086190997,0.00031298876267923,110.20496204075668
124,Caso 3,0.04,1.3,0.2,0.20484015660074228,145,7267472.057406298,-131866529294.93353,6.419824783517751e-05,-1226.747772440118,0.00031298876267923,74.3531859263676
125,Caso 3,0.04,1.3,0.2,0.2054107839007565,-145,-126476450.18795678,1950781995714.2578,6.44401913845613e-05,-1230.1651481188057,0.00031298876267923,79.38545272486301
126,Caso 3,0.04,1.3,0.2,0.20486466215296503,170,65201529.20553172,-1025884169131.4824,6.42483893230641e-05,-1226.8945314159973,0.00031298876267923,25.75985398355138
127,Caso 3,0.04,1.3,0.2,0.20494728586762292,-170,24809471.719307013,-395265256333.07916,6.417818252595408e-05,-1227.3893487388762,0.00031298876267923,28.062326432261507
128,Caso 4,0.04,0.9,0.6,0.20498788135908771,0,-181279310.44631693,2821065143161.4067,6.43091317597309e-05,-1227.6267721594054,0.0003129858587362686,22.16770089940421
129,Caso 4,0.04,0.9,0.6,0.20486550799748915,-120,-115571039.27423438,1774923962713.6218,6.41753627384805e-05,-1226.8995970139886,0.00031298876267923,121.84149882219424
130,Caso 4,0.04,0.9,0.6,0.20493957585305633,145,-117482659.51221801,1815244716076.457,6.42628179982002e-05,-1227.3431749643976,0.00031298876267923,74.12577129072962
131,Caso 4,0.04,0.9,0.6,0.20514576001018853,-145,12445264.721351333,-213431233454.5048,6.429872104094365e-05,-1228.5779716940613,0.00031298876267923,82.6856995467806
132,Caso 4,0.04,0.9,0.6,0.20513581383789584,170,11674029.789789986,-190592352808.1098,6.429760470060531e-05,-1228.518406006811,0.00031298876267923,29.057715342728606
133,Caso 4,0.04,0.9,0.6,0.20487403065175738,-170,-49097133.11569899,757722536071.2684,6.424116139037162e-05,-1226.9506375292483,0.00031298876267923,32.71581885618109
134,Caso 5,0.04,1.1,0.6,0.20491711419495667,0,-189535592.1290511,2950950181315.3623,6.424207610668073e-05,-1227.2029633727534,0.0003129858587362684,21.702935029908588
135,Caso 5,0.04,1.1,0.6,0.2054252926795906,120,171539024.1582429,-2701167994430.6064,6.443809110470295e-05,-1230.2520383673336,0.00031298876267923,123.16328938378464
136,Caso 5,0.04,1.1,0.6,0.20528497402867957,-120,-1202488.8064463008,-10566042432.985413,6.433834396300534e-05,-1229.4116973165678,0.00031298876267923,128.48280572622227
137,Caso 5,0.04,1.1,0.6,0.2047299828080587,145,-59635897.990495235,912683066100.7496,6.416048882343007e-05,-1226.0879630697352,0.00031298876267923,82.28656577697738
138,Caso 5,0.04,1.1,0.6,0.20528657715354992,-145,84302853.90129061,-1332503919825.0671,6.434656726354038e-05,-1229.421298118951,0.00031298876267923,84.58253714980296
139,Caso 5,0.04,1.1,0.6,0.20473328365169477,170,22848046.837559976,-365328001969.9031,6.417020855266145e-05,-1226.1077311789034,0.00031298876267923,35.936334063463754
140,Caso 5,0.04,1.1,0.6,0.20508052438737526,-170,-155363975.80446106,2413939217548.8477,6.434588601502164e-05,-1228.1872882641226,0.00031298876267923,30.537940335367885
141,Caso 6,0.04,1.3,0.6,0.20504485111862536,0,-707892993.0898778,11035535143219.4,6.42854986026852e-05,-1227.9679513625279,0.0003129858587362686,20.664972988112925
142,Caso 6,0.04,1.3,0.6,0.20494940638250844,120,-141381546.791309,2176399217090.5674,6.433000814829258e-05,-1227.4020480892154,0.00031298876267923,120.73143961532529
143,Caso 6,0.04,1.3,0.6,0.20494166189835575,-120,9152151.327326182,-172413198120.30118,6.421963916185118e-05,-1227.3556678831044,0.00031298876267923,112.7680063459227
144,Caso 6,0.04,1.3,0.6,0.20474811190714884,145,-179759195.1616094,2790028756817.7344,6.414442706401722e-05,-1226.196534710639,0.00031298876267923,74.9519093929484
145,Caso 6,0.04,1.3,0.6,0.2052053850300297,-145,-14059273.629384099,199882641201.63614,6.431309041328296e-05,-1228.9350543163637,0.00031298876267923,71.15765150601506
146,Caso 6,0.04,1.3,0.6,0.20502524073043052,170,9025012.630399862,-149066527119.20657,6.424853837759526e-05,-1227.856205218031,0.00031298876267923,28.347615602870146
147,Caso 6,0.04,1.3,0.6,0.20502154469195072,-170,-32528645.127208155,499003297073.53955,6.429862692275806e-05,-1227.834070363971,0.00031298876267923,27.259969922982613
148,Caso 7,0.04,0.9,1.0,0.20508244485208638,0,-69604109.07737526,1078008282227.4498,6.43253369772101e-05,-1228.1930918603766,0.0003129858587362685,27.01165416609975
149,Caso 7,0.04,0.9,1.0,0.2047892306727608,120,-322638593.02482593,5009748984901.527,6.424376693701547e-05,-1226.442786983421,0.00031298876267923,119.96295531628974
150,Caso 7,0.04,0.9,1.0,0.20451201896019078,-120,14384464.961716179,-255786310636.5999,6.407856090437021e-05,-1224.7826200682375,0.00031298876267923,123.8018357842252
151,Caso 7,0.04,0.9,1.0,0.2057133749287746,145,-187347417.71930698,2894163510459.1226,6.443918923088043e-05,-1231.9773068075197,0.00031298876267923,85.85924253696757
152,Caso 7,0.04,0.9,1.0,0.20505526509857594,-145,297678001.67411417,-4665287404559.721,6.428483226104708e-05,-1228.0360153067973,0.00031298876267923,91.12853103586517
153,Caso 7,0.04,0.9,1.0,0.20518685147633225,170,-19160005.89387264,289747550698.8263,6.428898424545604e-05,-1228.8240604756488,0.00031298876267923,29.641526746974343
154,Caso 7,0.04,0.9,1.0,0.2052005852905828,-170,10772710.067844728,-177017231611.52417,6.435644541343983e-05,-1228.9063096123346,0.00031298876267923,30.533673463913953
155,Caso 8,0.04,1.1,1.0,0.20514247545697442,0,-195749483.53305086,3043557686533.081,6.442027951140104e-05,-1228.5526017846746,0.00031298585873626835,24.77250992283621
156,Caso 8,0.04,1.1,1.0,0.20500409314488285,-120,137669802.54478407,-2179796495558.4897,6.426747689898065e-05,-1227.7295564500664,0.00031298876267923,125.64042909100922
157,Caso 8,0.04,1.1,1.0,0.2051186924031026,145,-109346943.93474767,1685274421657.668,6.429942569086402e-05,-1228.415869070977,0.00031298876267923,79.62347311507004
158,Caso 8,0.04,1.1,1.0,0.20515323196932458,-145,-32740690.272777837,490645151842.68384,6.425672238783933e-05,-1228.6227198009656,0.00031298876267923,73.67181128813691
159,Caso 8,0.04,1.1,1.0,0.20543557891797007,170,-635511.0817835258,1447253171.5341702,6.438248189579884e-05,-1230.3136406440954,0.00031298876267923,31.05309332554759
160,Caso 8,0.04,1.1,1.0,0.20502107628255076,-170,-37110232.1403984,569947186904.0067,6.428261777646532e-05,-1227.8312651513725,0.00031298876267923,32.50398375220022
161,Caso 9,0.04,1.3,1.0,0.20494529606847614,0,-683655092.7219023,10662414395936.162,6.423276903413764e-05,-1227.3717383373648,0.0003129858587362685,22.221646262789186
162,Caso 9,0.04,1.3,1.0,0.20545006604913046,-120,300217892.4343811,-4704692414591.854,6.440718741696771e-05,-1230.400401248925,0.00031298876267923,139.13225926154456
163,Caso 9,0.04,1.3,1.0,0.20488544657120067,145,254094809.28331867,-3987518200146.532,6.417693395818996e-05,-1227.0190052457147,0.00031298876267923,88.54737526158604
164,Caso 9,0.04,1.3,1.0,0.20495239963142814,-145,21944302.699977357,-361883255460.32947,6.429430566809117e-05,-1227.4199740735808,0.00031298876267923,65.6657951398913
165,Caso 9,0.04,1.3,1.0,0.2050527452239905,170,24881460.747112885,-397381202397.9978,6.427652064619561e-05,-1228.0209242690544,0.00031298876267923,33.33210519082124
166,Caso 9,0.04,1.3,1.0,0.20489726719570803,-170,15056535.155560818,-244003573918.53647,6.416958293507372e-05,-1227.0897966619286,0.00031298876267923,34.89620349528827
167,Caso 13,0.055,0.9,0.6,0.21126325376505894,120,-107541805.4499658,1594432183525.623,6.634428590004603e-05,-1266.4932906030378,0.0003136218019297123,143.4244346120454
168,Caso 17,0.055,1.1,1.0,0.21205605079271542,120,-404443087.0733811,6055954745468.455,6.658809176995215e-05,-1271.2459965206203,0.0003136218019297123,134.23883196884321
169,Caso 18,0.055,1.3,1.0,0.21210912333666612,120,914659925.4668188,-13787381976445.43,6.659018534538896e-05,-1271.5641589063212,0.0003136218019297123,132.2727238909348
170,Caso 19,0.08,0.9,0.2,0.21194889232230768,120,-57475898.77956259,833456151152.5879,6.655208044536124e-05,-1270.6035966645925,0.0003136218019297123,137.9583474837218
171,Caso 1,0.04,0.9,0.2,0.21209180736829636,120,15634523.55679432,-262528962152.5945,6.656223424008525e-05,-1271.4603521279546,0.0003136218019297123,119.30733589009652
172,Caso 20,0.08,1.1,0.2,0.21248351767321658,120,117549382.92915055,-1795214579179.693,6.672512069664655e-05,-1273.8085999382113,0.0003136218019297123,136.4161555208232
173,Caso 21,0.08,1.3,0.2,0.2120146180743982,120,233627671.73160702,-3545451654024.8228,6.655981689521194e-05,-1270.9976132413467,0.0003136218019297123,136.86407749634282
174,Caso 1,0.04,0.9,0.2,0.27215714577009203,0,-507669910.0667473,5945913585809.756,8.539056506107513e-05,-1631.5434888360749,0.0003136217782787035,27.38220727793896
175,Caso 10,0.055,0.9,0.2,0.2720857519595489,0,-840468630.9172943,9848844693163.623,8.537791831494605e-05,-1631.1154930676553,0.0003136217782787035,27.31079767560316
176,Caso 10,0.055,0.9,0.2,0.28296349779459656,120,-108810752.75637688,1198307572525.7166,8.876375705026391e-05,-1696.3261005198788,0.0003136218019297123,230.92712548479764
177,Caso 10,0.055,0.9,0.2,0.20506355649564137,-120,-539298284.5107965,8382980693092.126,6.431218724853161e-05,-1228.085670867744,0.00031298876267923,125.71207190940665
178,Caso 10,0.055,0.9,0.2,0.27364320346097865,-145,164260917.39084637,-1937978474328.5686,8.563498406550085e-05,-1638.795809668489,0.00031298876267923,120.12325573550335
179,Caso 10,0.055,0.9,0.2,0.2732288091701184,170,-55781455.764230914,645944142275.568,8.552892164531509e-05,-1636.3140830302127,0.00031298876267923,41.75133614418046
180,Caso 11,0.055,1.1,0.2,0.272163142943403,0,-487457897.30440724,5708447626539.814,8.538457703653015e-05,-1631.5794410394947,0.0003136217782787035,31.53024408414174
181,Caso 11,0.055,1.1,0.2,0.28292460039718087,120,-191609609.7292389,2132765261218.166,8.875498175676334e-05,-1696.0929161303982,0.0003136218019297123,206.54664369675626
182,Caso 11,0.055,1.1,0.2,0.20485520395096035,-120,256240648.1970552,-4031234115672.852,6.421743985418665e-05,-1226.8378880876915,0.00031298876267923,118.68603848811297
183,Caso 11,0.055,1.1,0.2,0.27400975568634167,-145,53427112.408216745,-642234290846.6863,8.567980911085059e-05,-1640.9910195014102,0.00031298876267923,132.37912999725557
184,Caso 11,0.055,1.1,0.2,0.27264594774814993,170,36150063.227903955,-433388627425.98224,8.526453047965989e-05,-1632.8234395796967,0.00031298876267923,57.53543304395545
185,Caso 11,0.055,1.1,0.2,0.2729471881506506,-170,-35012322.33612713,402490433154.6107,8.53346770424527e-05,-1634.6275096354377,0.00031298876267923,53.35038821265621
186,Caso 12,0.055,1.3,0.2,0.2836772873240746,0,86872791.50765844,-980844510430.2983,8.893255445648307e-05,-1700.6048773734055,0.0003136216948566748,30.667640283253412
187,Caso 12,0.055,1.3,0.2,0.2833937994060532,120,141305793.78846303,-1617649422912.064,8.890057099394511e-05,-1698.9056977481384,0.0003136218019297123,204.43268181357814
188,Caso 12,0.055,1.3,0.2,0.2052171955361142,-120,56261385.51621144,-907334924291.608,6.434019008837347e-05,-1229.0057851353151,0.00031298876267923,119.25301273754151
189,Caso 12,0.055,1.3,0.2,0.2733520964516061,-145,35574391.68270692,-435650893018.3285,8.543630650287122e-05,-1637.0524265290906,0.00031298876267923,140.24397411907182
190,Caso 12,0.055,1.3,0.2,0.27311265108222593,170,-16477473.192679787,184660296416.22195,8.547905364059916e-05,-1635.6184348822244,0.00031298876267923,52.45370574668463
191,Caso 12,0.055,1.3,0.2,0.2722899287002913,-170,43575005.59701142,-520226754453.8131,8.513468653991345e-05,-1630.6913108938252,0.00031298876267923,46.30158130911631
192,Caso 13,0.055,0.9,0.6,0.2710876342679978,0,-439746907.6094996,5169749389587.205,8.505126775355997e-05,-1625.1319190698662,0.00031362177827870335,27.710676190433304
193,Caso 13,0.055,0.9,0.6,0.20525466445553353,-120,23909932.29267417,-403834862031.3566,6.428917846018262e-05,-1229.230179190642,0.00031298876267923,121.71141034895602
194,Caso 13,0.055,0.9,0.6,0.2734461479001229,-145,103448150.00216982,-1230496333955.0515,8.548171424025341e-05,-1637.6156823226684,0.00031298876267923,149.63354182426963
195,Caso 13,0.055,0.9,0.6,0.27363549381041075,170,-113465025.00525956,1319451826732.8674,8.556958735946485e-05,-1638.7496380739276,0.00031298876267923,46.2295099745668
196,Caso 13,0.055,0.9,0.6,0.2732455671475967,-170,-173444826.89529777,2022366789791.9978,8.544699355934159e-05,-1636.4144432910293,0.00031298876267923,45.513732036730275
197,Caso 14,0.055,1.1,0.6,0.2711396149936143,0,-790474536.6792977,9294048076585.232,8.507859703863927e-05,-1625.4435361475091,0.00031362177827870335,34.929279940751734
198,Caso 14,0.055,1.1,0.6,0.20479798342952216,-120,138418995.48160762,-2192952732375.1663,6.419668451912487e-05,-1226.4952055376632,0.00031298876267923,131.4877891380416
199,Caso 14,0.055,1.1,0.6,0.2737212655731966,170,-78584482.90055412,907962222186.9312,8.563824312970072e-05,-1639.263308443458,0.00031298876267923,73.2046770095511
200,Caso 14,0.055,1.1,0.6,0.2736539181099259,-170,-104508556.15068936,1212857175835.1487,8.56060090602356e-05,-1638.8599776126396,0.00031298876267923,55.375970329651985
201,Caso 15,0.055,1.3,0.6,0.28235806925621637,0,-394827223.9636481,4456295209133.854,8.855516680233638e-05,-1692.6965783381256,0.00031362177827870335,30.62147642093223
202,Caso 15,0.055,1.3,0.6,0.2054074849134711,-120,259686845.73236054,-4073908366509.9785,6.431340065969694e-05,-1230.1453911269598,0.00031298876267923,120.93275118227926
203,Caso 15,0.055,1.3,0.6,0.27329046649217176,-145,20339158.68623973,-257945074650.69348,8.544408202935375e-05,-1636.6833367143477,0.00031298876267923,127.20496747943965
204,Caso 15,0.055,1.3,0.6,0.27264739325328463,170,-159178358.55383316,1858090433284.7937,8.526149479601268e-05,-1632.8320964282047,0.00031298876267923,59.94282043720284
205,Caso 15,0.055,1.3,0.6,0.2731630742014985,-170,-117976225.56980203,1372900434315.5042,8.540317871045691e-05,-1635.920409115566,0.00031298876267923,59.895480996705345
206,Caso 16,0.055,0.9,1.0,0.2829419439269711,0,-818342481.1827412,9220244617643.57,8.875527884866906e-05,-1696.1968241783388,0.0003136217782787033,33.18965762272614
207,Caso 16,0.055,0.9,1.0,0.2052197523745872,-120,421222490.56283617,-6598242757376.481,6.431692793585195e-05,-1229.0210975425762,0.00031298876267923,119.87706900698224
208,Caso 16,0.055,0.9,1.0,0.27352151963362764,-145,64434238.82787316,-774309010176.6685,8.549835022642092e-05,-1638.0670689439066,0.00031298876267923,135.44033212087078
209,Caso 16,0.055,0.9,1.0,0.2738985348147777,170,-69239133.68420331,800749289491.3704,8.56493448112165e-05,-1640.3249393796993,0.00031298876267923,48.206035224540834
210,Caso 16,0.055,0.9,1.0,0.2728194683071951,-170,-200838757.43681094,2346900612155.307,8.531332560437301e-05,-1633.8626203868866,0.00031298876267923,50.02756313526351
211,Caso 17,0.055,1.1,1.0,0.27120371965124074,0,-272636779.8881992,3199759858502.0986,8.508594946843767e-05,-1625.827834478014,0.0003136217782787033,44.76005044510588
212,Caso 17,0.055,1.1,1.0,0.20499379454729835,-120,168083794.70311648,-2655077324570.854,6.41864505629737e-05,-1227.667880156435,0.00031298876267923,122.86093098847212
213,Caso 17,0.055,1.1,1.0,0.2737100500034513,-145,107719925.25996625,-1279029165899.8748,8.565576666478071e-05,-1639.1961405822826,0.00031298876267923,118.84202617285854
214,Caso 17,0.055,1.1,1.0,0.2734755472546392,170,-75999411.2092142,879313471187.3914,8.549111398801155e-05,-1637.7917493266314,0.00031298876267923,66.35488669102192
215,Caso 17,0.055,1.1,1.0,0.27316999447401075,-170,-55526706.48757396,640731654770.029,8.546973799190251e-05,-1635.9618532788102,0.00031298876267923,68.6303263837064
216,Caso 18,0.055,1.3,1.0,0.28266634939993956,0,-619035483.8819697,6981287729421.682,8.866795517362606e-05,-1694.5446740763643,0.0003136217782787033,31.75541753943398
217,Caso 18,0.055,1.3,1.0,0.2828121637312257,120,1039362643.5601742,-11752188745318.13,8.870703726428324e-05,-1695.4188742394767,0.0003136218019297123,245.59596498983993
218,Caso 18,0.055,1.3,1.0,0.20494430970032784,-120,-294488767.13529193,4566235740217.063,6.419252038259122e-05,-1227.3715250530313,0.00031298876267923,121.55018531064502
219,Caso 18,0.055,1.3,1.0,0.273143319558348,145,-16613741.512070844,174426888946.2078,8.549032979487364e-05,-1635.8021024081195,0.00031298876267923,163.6037824519812
220,Caso 18,0.055,1.3,1.0,0.2736328736463975,-145,-29629118.394052982,325806682173.9257,8.557849588016003e-05,-1638.733946422349,0.00031298876267923,151.43835344256678
221,Caso 18,0.055,1.3,1.0,0.27329805915665134,170,-123874119.66412467,1440009098424.58,8.547562629189616e-05,-1636.7288077020282,0.00031298876267923,71.74591949047587
222,Caso 18,0.055,1.3,1.0,0.2739814227707588,-170,-199248100.2500757,2316942894370.38,8.571812458387767e-05,-1640.8213391923596,0.00031298876267923,56.835599125384
223,Caso 19,0.08,0.9,0.2,0.27388574153950335,0,-261872857.2534668,3052182115457.2217,8.565355490541813e-05,-1640.2405361744395,0.00031298579097466033,32.16421441714387
224,Caso 19,0.08,0.9,0.2,0.2825985229710702,120,-701513569.7123255,7890233119045.681,8.864680957610278e-05,-1694.1381281347274,0.0003136218019297123,246.29341886723486
225,Caso 19,0.08,0.9,0.2,0.27295799729050846,-120,-59944312.30573186,673085134287.2372,8.536220282413535e-05,-1634.6922434672342,0.00031298876267923,217.45087213834822
226,Caso 19,0.08,0.9,0.2,0.27425749935522037,145,-832082410.086216,9688250713605.361,8.573452962698307e-05,-1642.4747080465495,0.00031298876267923,150.03757984519038
227,Caso 19,0.08,0.9,0.2,0.27385090947914287,-145,282498892.0240351,-3319849200526.9326,8.568207647125105e-05,-1640.039720527247,0.00031298876267923,140.42809162058546
228,Caso 19,0.08,0.9,0.2,0.27307548448105057,170,-11639243.730930427,128926726009.42796,8.538987475218142e-05,-1635.3958513519358,0.00031298876267923,41.3759170871888
229,Caso 19,0.08,0.9,0.2,0.2731559804149673,-170,-31420331.961239245,359890932519.74316,8.5394766328006e-05,-1635.8779258106824,0.00031298876267923,40.58945111981652
230,Caso 1,0.04,0.9,0.2,0.28278908531320995,120,-44000771.5453563,470032421159.78754,8.864511189779842e-05,-1695.2805223914684,0.0003136218019297123,233.04129228139917
231,Caso 1,0.04,0.9,0.2,0.20541366290800026,145,-28644865.42186621,427359996181.02423,6.425222518462599e-05,-1230.1823899320407,0.00031298876267923,82.08857998387863
232,Caso 1,0.04,0.9,0.2,0.2733884480099509,-145,39916491.47020444,-484856243948.2962,8.548085852314606e-05,-1637.270128926727,0.00031298876267923,128.5310856335853
233,Caso 1,0.04,0.9,0.2,0.2732493645298997,170,-67814077.82121588,787481881050.2301,8.542667134851175e-05,-1636.437185073493,0.00031298876267923,40.48763136572788
234,Caso 1,0.04,0.9,0.2,0.2735437700505716,-170,-166216373.50714076,1936574479496.0042,8.554993968179713e-05,-1638.20032235415,0.00031298876267923,41.90164194371328
235,Caso 2,0.04,1.1,0.2,0.2724077198201756,0,-507385451.497662,5937468632424.666,8.545151622901432e-05,-1633.0456447274014,0.0003136217782787035,27.255948291515757
236,Caso 20,0.08,1.1,0.2,0.27208297457986264,0,172465651.0101061,-2026154771776.3562,8.535864134141351e-05,-1631.0988430703517,0.0003136217782787035,26.93788624274405
237,Caso 20,0.08,1.1,0.2,0.2833113572875249,120,-110615551.83687603,1216404510555.5776,8.890098432907111e-05,-1698.4114689216938,0.0003136218019297123,231.54080667459507
238,Caso 20,0.08,1.1,0.2,0.27344416548070066,-120,-292799040.26871103,3397396138979.404,8.562981412685105e-05,-1637.6038099991424,0.00031298876267923,222.5393058399227
239,Caso 20,0.08,1.1,0.2,0.2731567924271769,145,-471908715.0155981,5507230956917.902,8.545773546854774e-05,-1635.882788793536,0.00031298876267923,168.16273427473752
240,Caso 20,0.08,1.1,0.2,0.28268411725893666,-145,396726725.51609045,-4495578846391.171,8.868896403042541e-05,-1694.6512537699946,0.0003136218019297123,151.7095758426528
241,Caso 20,0.08,1.1,0.2,0.2739251699164838,170,150123908.7927182,-1760891649394.585,8.565876143038937e-05,-1640.4844518123632,0.00031298876267923,43.47483763350397
242,Caso 20,0.08,1.1,0.2,0.2731632879540037,-170,-61616456.6864121,712703647315.0492,8.540329464328213e-05,-1635.9216892376571,0.00031298876267923,61.62398182230808
243,Caso 21,0.08,1.3,0.2,0.2834874126264186,0,577779180.2316351,-6505420560354.33,8.887250632504313e-05,-1699.4666056422802,0.00031362169485667517,31.23661979168939
244,Caso 21,0.08,1.3,0.2,0.28268615442283024,120,45840874.1482523,-545386542886.8245,8.867041118339082e-05,-1694.6634662790661,0.0003136218019297123,210.47897382052537
245,Caso 21,0.08,1.3,0.2,0.2734799646269415,-120,-40968999.159610964,449670187944.4723,8.557065505693405e-05,-1637.8182041083592,0.00031298876267923,221.21698818433637
246,Caso 21,0.08,1.3,0.2,0.2731818468403117,145,-182975117.92839822,2121907637066.0017,8.54827660957708e-05,-1636.032834790439,0.00031298876267923,146.4756972690275
247,Caso 21,0.08,1.3,0.2,0.2732250448966034,-145,-139114064.34647468,1608378359589.6301,8.546590126111654e-05,-1636.2915395298269,0.00031298876267923,154.4728429899226
248,Caso 21,0.08,1.3,0.2,0.2734587157570276,170,-19902665.53683174,223870335002.91635,8.552050504244788e-05,-1637.690948768067,0.00031298876267923,57.45515005339887
249,Caso 21,0.08,1.3,0.2,0.273214761129127,-170,-45483793.49659952,523634898211.8744,8.546974603008289e-05,-1636.2299520508222,0.00031298876267923,55.9136820218092
250,Caso 22,0.08,0.9,0.6,0.27087179044609616,0,-573126229.2394892,6744701782071.014,8.499093976317167e-05,-1623.8379659707011,0.00031362177827870335,27.169700005677495
251,Caso 22,0.08,0.9,0.6,0.2737149236765291,-120,13463504.995683655,-188028388813.59024,8.563790659307904e-05,-1639.225328060417,0.00031298876267923,208.78935631939044
252,Caso 22,0.08,0.9,0.6,0.27389316872785785,145,-39271309.90200955,439309895211.5476,8.563174222406488e-05,-1640.2928029310413,0.00031298876267923,145.05969700225896
253,Caso 22,0.08,0.9,0.6,0.2740466629110407,-145,76315939.91798998,-911571737626.6547,8.574260308396157e-05,-1641.2120496765372,0.00031298876267923,130.61033290469885
254,Caso 22,0.08,0.9,0.6,0.27340512167470343,170,24744000.27350913,-296977315348.27423,8.549720765672473e-05,-1637.369984255062,0.00031298876267923,45.01514194864941
255,Caso 22,0.08,0.9,0.6,0.2731922867433068,-170,-305309761.3840943,3566087210534.953,8.549127480266154e-05,-1636.0953573346328,0.00031298876267923,46.66592500969563
256,Caso 23,0.08,1.1,0.6,0.28270849877852816,0,-459295900.7475211,5176567722223.83,8.86993258299338e-05,-1694.7973536229558,0.00031362177827870335,40.0699318451953
257,Caso 23,0.08,1.1,0.6,0.2733703749285717,-120,31946342.683829047,-403259718538.6089,8.551761736201625e-05,-1637.1618927649754,0.00031298876267923,221.14591843287846
258,Caso 23,0.08,1.1,0.6,0.27345756124992476,145,-278956148.6365203,3242435560164.506,8.556811577317104e-05,-1637.684034650053,0.00031298876267923,150.50743086412018
259,Caso 23,0.08,1.1,0.6,0.27330744595857953,-145,31539966.642335463,-389808668388.71735,8.544616630081971e-05,-1636.7850234291923,0.00031298876267923,135.6848926808386
260,Caso 23,0.08,1.1,0.6,0.27358308206227744,170,-231595885.8816786,2699363593729.4414,8.558506609498864e-05,-1638.4357543299432,0.00031298876267923,53.784837282982004
261,Caso 23,0.08,1.1,0.6,0.2734799110245026,-170,-8990053.11723447,95913590163.49997,8.551420979160439e-05,-1637.8178830938,0.00031298876267923,50.81897100450753
262,Caso 24,0.08,1.3,0.6,0.2733396424379421,0,-908772162.8844221,10626615696659.686,8.54857825148514e-05,-1636.9702478239724,0.0003129858587362686,30.09648187060787
263,Caso 24,0.08,1.3,0.6,0.2740668054342068,-120,-88180581.93703973,999782157986.8197,8.566538389278598e-05,-1641.3326793217952,0.00031298876267923,225.25069603768955
264,Caso 24,0.08,1.3,0.6,0.20475386557170042,145,-69093711.3284673,1058089268441.0852,6.413121939423452e-05,-1226.2309922861905,0.00031298876267923,95.6414235236155
265,Caso 24,0.08,1.3,0.6,0.2730444849927884,-145,-79670076.81745692,912813902348.5696,8.535415883824984e-05,-1635.210201458851,0.00031298876267923,151.85614664698102
266,Caso 24,0.08,1.3,0.6,0.2046439490196388,170,5491879.927582962,-96099383588.01564,6.410594708646776e-05,-1225.5727234797537,0.00031298876267923,42.00231233639601
267,Caso 24,0.08,1.3,0.6,0.27317836298867865,-170,-101125535.20651628,1176118571919.9492,8.540775401063891e-05,-1636.0119706820471,0.00031298876267923,71.08566992901063
268,Caso 25,0.08,0.9,1.0,0.28284687597331176,0,-359200544.8427658,4046278347588.2065,8.872510307483084e-05,-1695.6269052796417,0.0003136217782787033,32.7551468591317
269,Caso 25,0.08,0.9,1.0,0.20508073511685385,145,102242563.0365524,-1614771868183.1677,6.428933968587353e-05,-1228.1885502818966,0.00031298876267923,84.48790095797477
270,Caso 25,0.08,0.9,1.0,0.27337520361610973,-145,127670151.20484343,-1515197840453.8237,8.553283045712326e-05,-1637.19081083348,0.00031298876267923,143.56763176863095
271,Caso 25,0.08,0.9,1.0,0.20497812019838893,170,70249237.38664597,-1106224778922.6357,6.425874413684248e-05,-1227.5740095359074,0.00031298876267923,34.13214646548081
272,Caso 25,0.08,0.9,1.0,0.2730568898641839,-170,-89562368.9865178,1040945312642.7057,8.539966119834277e-05,-1635.2844918158023,0.00031298876267923,46.903578598593626
273,Caso 26,0.08,1.1,1.0,0.2823671601729001,0,-405316549.2023225,4571612233774.58,8.858110457796492e-05,-1692.7510770942793,0.0003136217782787033,47.64558171695144
274,Caso 26,0.08,1.1,1.0,0.27370663148937785,-120,189157590.11059007,-2241679625964.547,8.562059646872798e-05,-1639.1756677678004,0.00031298876267923,226.53105066651503
275,Caso 26,0.08,1.1,1.0,0.27437528796302485,-145,-88765289.86604384,1013572610018.3916,8.591170166587008e-05,-1643.1801210604863,0.00031298876267923,150.20947856756428
276,Caso 26,0.08,1.1,1.0,0.2738615273189703,170,-347194333.3542669,4043752252173.57,8.577872714513763e-05,-1640.103308700448,0.00031298876267923,60.851416031796276
277,Caso 26,0.08,1.1,1.0,0.2733754843044709,-170,-46520737.835308865,533883399691.3145,8.559130320500979e-05,-1637.192491821366,0.00031298876267923,68.5287593350749
278,Caso 27,0.08,1.3,1.0,0.2829462254961411,0,-659605916.9362566,7431475166399.201,8.876238038405988e-05,-1696.2224915782583,0.0003136217782787033,31.917489006521496
279,Caso 27,0.08,1.3,1.0,0.27402686311166474,-120,-86357619.56810898,977308822491.5522,8.572642806157226e-05,-1641.093472537258,0.00031298876267923,207.21338107951846
280,Caso 27,0.08,1.3,1.0,0.2734752208142623,-145,248177003.9558288,-2924041108389.493,8.558299617186377e-05,-1637.7897943388407,0.00031298876267923,162.4466480524052
281,Caso 27,0.08,1.3,1.0,0.2738382537436528,170,-46486242.42081616,533359090785.72766,8.56409521141246e-05,-1639.9639277941294,0.00031298876267923,53.97410284945865
282,Caso 27,0.08,1.3,1.0,0.2735190909364293,-170,-81646839.75171341,945234640961.3768,8.562076732171563e-05,-1638.0525239497633,0.00031298876267923,57.25312500061205
283,Caso 2,0.04,1.1,0.2,0.2735121782155769,-120,-35304808.96625266,386727571910.29095,8.555359016007988e-05,-1638.0111250119382,0.00031298876267923,208.4709948229249
284,Caso 2,0.04,1.1,0.2,0.27383226370291464,-145,250376579.9435356,-2942137980286.9287,8.571300562856479e-05,-1639.9280546076686,0.00031298876267923,136.83839152414524
285,Caso 2,0.04,1.1,0.2,0.27373488253977724,170,104069541.2519576,-1223152023239.3367,8.565463253729693e-05,-1639.3448578022237,0.00031298876267923,40.270552870343195
286,Caso 2,0.04,1.1,0.2,0.2739243332051175,-170,-73996401.91121215,856594753731.0872,8.575299032045409e-05,-1640.4794409110739,0.00031298876267923,41.864855714918804
287,Caso 3,0.04,1.3,0.2,0.2840913049575498,0,-218914376.35852215,2454134397333.474,8.906315383352191e-05,-1703.08685403586,0.000313621694856675,30.732293203282484
288,Caso 3,0.04,1.3,0.2,0.2736794142479642,-120,149249953.27303973,-1771025234346.1523,8.562240157397911e-05,-1639.012669013893,0.00031298876267923,196.28738501321686
289,Caso 3,0.04,1.3,0.2,0.27388105866745044,-145,173912906.2242879,-2047726344630.2332,8.573640065356347e-05,-1640.2202781396359,0.00031298876267923,117.11304456717471
290,Caso 3,0.04,1.3,0.2,0.273152879568811,170,97625244.43540154,-1149882125337.249,8.548996027427972e-05,-1635.859355447439,0.00031298876267923,39.14399650353345
291,Caso 3,0.04,1.3,0.2,0.2732630524247473,-170,29317855.80754504,-350378693331.66724,8.542012243621017e-05,-1636.519159207825,0.00031298876267923,43.42707329692116
292,Caso 4,0.04,0.9,0.6,0.282513489174114,0,-278560777.4538123,3140535629879.3735,8.863099457103464e-05,-1693.6282987027107,0.00031362177827870335,32.266606648531464
293,Caso 4,0.04,0.9,0.6,0.27315400903915327,-120,89189547.6496708,-1074167937962.5212,8.538908461350997e-05,-1635.8661196251733,0.00031298876267923,200.54469956940173
294,Caso 4,0.04,0.9,0.6,0.2735276773232637,-145,308083791.209089,-3622007578182.364,8.555449399700482e-05,-1638.1039461469402,0.00031298876267923,125.76517441698657
295,Caso 4,0.04,0.9,0.6,0.2735144188859357,170,-38325235.56196842,441096059787.8929,8.554005481821252e-05,-1638.0245439499877,0.00031298876267923,40.105245575401405
296,Caso 4,0.04,0.9,0.6,0.2731653743160561,-170,-99752933.93433592,1160651913786.3706,8.546376401575159e-05,-1635.9341840533357,0.00031298876267923,43.271432804513324
297,Caso 5,0.04,1.1,0.6,0.28263282327445355,0,-473884538.20840067,5343909512110.936,8.866279128418439e-05,-1694.3436897090871,0.00031362177827870335,32.8582901286844
298,Caso 5,0.04,1.1,0.6,0.27390039076467815,120,180484528.06939402,-2138448977505.1323,8.572576585967795e-05,-1640.3360543019094,0.00031298876267923,226.01313396066223
299,Caso 5,0.04,1.1,0.6,0.2737132973121151,-120,83545471.30664223,-1004957744062.427,8.56015727427631e-05,-1639.2155880809366,0.00031298876267923,181.07158201389888
300,Caso 5,0.04,1.1,0.6,0.272973308345547,145,105624871.39330257,-1257182111902.0854,8.536580965600959e-05,-1634.783938391579,0.00031298876267923,120.42672134308705
301,Caso 5,0.04,1.1,0.6,0.20528657715354992,-145,84302853.90129061,-1332503919825.0671,6.434656726354038e-05,-1229.421298118951,0.00031298876267923,84.58253714980296
302,Caso 5,0.04,1.1,0.6,0.2729777109385511,170,-119600575.6423055,1394429612591.3694,8.537486800326314e-05,-1634.8103046629703,0.00031298876267923,44.11508569007307
303,Caso 5,0.04,1.1,0.6,0.20508052438737526,-170,-155363975.80446106,2413939217548.8477,6.434588601502164e-05,-1228.1872882641226,0.00031298876267923,30.537940335367885
304,Caso 6,0.04,1.3,0.6,0.2825913567627522,0,595257303.4097599,-6723009077589.167,8.867017076729922e-05,-1694.0951038526343,0.00031362177827870335,30.880912361616655
305,Caso 6,0.04,1.3,0.6,0.27326587630271454,120,-322524068.7847481,3744438478274.0815,8.558923500290601e-05,-1636.5360708625678,0.00031298876267923,235.81428380405112
306,Caso 6,0.04,1.3,0.6,0.27325553976703665,-120,-61898447.179716624,695492272918.2422,8.545649636235252e-05,-1636.4741673650897,0.00031298876267923,221.83286958680662
307,Caso 6,0.04,1.3,0.6,0.2729974702361818,145,82548072.38010676,-984576554937.9307,8.537185779045606e-05,-1634.9286392451913,0.00031298876267923,120.10069602581444
308,Caso 6,0.04,1.3,0.6,0.2052053850300297,-145,-14059273.629384099,199882641201.63614,6.431309041328296e-05,-1228.9350543163637,0.00031298876267923,71.15765150601506
309,Caso 6,0.04,1.3,0.6,0.2733669876922583,170,-36313149.51669011,417463623701.90656,8.54935517582695e-05,-1637.1416072669017,0.00031298876267923,49.54864003870661
310,Caso 6,0.04,1.3,0.6,0.20502154469195072,-170,-32528645.127208155,499003297073.53955,6.429862692275806e-05,-1227.834070363971,0.00031298876267923,27.259969922982613
311,Caso 7,0.04,0.9,1.0,0.2827649327560112,0,-571279356.9300592,6439777856102.36,8.871499377386458e-05,-1695.135667313934,0.0003136217782787033,32.897146894747216
312,Caso 7,0.04,0.9,1.0,0.2730523053947399,120,70813525.69112858,-858460517018.695,8.54673934191387e-05,-1635.2570363218624,0.00031298876267923,185.09618799904268
313,Caso 7,0.04,0.9,1.0,0.2726826978088826,-120,-35312062.86242551,383631989536.24225,8.525910975109588e-05,-1633.043528530462,0.00031298876267923,211.24448839041585
314,Caso 7,0.04,0.9,1.0,0.2742844981450518,145,-39122207.32092002,436574825265.73175,8.575151702668668e-05,-1642.6363985365097,0.00031298876267923,147.48480114436418
315,Caso 7,0.04,0.9,1.0,0.20505526509857594,-145,297678001.67411417,-4665287404559.721,6.428483226104708e-05,-1228.0360153067973,0.00031298876267923,91.12853103586517
316,Caso 7,0.04,0.9,1.0,0.2735824676248008,170,-114396660.99371871,1330199844730.4946,8.557169927576258e-05,-1638.4320745836558,0.00031298876267923,45.13575637491348
317,Caso 7,0.04,0.9,1.0,0.2052005852905828,-170,10772710.067844728,-177017231611.52417,6.435644541343983e-05,-1228.9063096123346,0.00031298876267923,30.533673463913953
318,Caso 8,0.04,1.1,1.0,0.28244117918743966,0,-438598052.30508196,4948215022074.717,8.863251509529832e-05,-1693.1948105883253,0.0003136217782787033,33.58287241473438
319,Caso 8,0.04,1.1,1.0,0.20515323196932458,-145,-32740690.272777837,490645151842.68384,6.425672238783933e-05,-1228.6227198009656,0.00031298876267923,73.67181128813691
320,Caso 8,0.04,1.1,1.0,0.27391410358197743,170,-381717.140966498,-3556940758.3877635,8.566348814828897e-05,-1640.4181776919463,0.00031298876267923,59.63063942154227
321,Caso 8,0.04,1.1,1.0,0.20502107628255076,-170,-37110232.1403984,569947186904.0067,6.428261777646532e-05,-1227.8312651513725,0.00031298876267923,32.50398375220022
322,Caso 9,0.04,1.3,1.0,0.28266100176608894,0,-792094795.5501528,8934473621324.77,8.865444699404308e-05,-1694.5126157698849,0.0003136217782787033,31.97857165350557
323,Caso 9,0.04,1.3,1.0,0.20495239963142814,-145,21944302.699977357,-361883255460.32947,6.429430566809117e-05,-1227.4199740735808,0.00031298876267923,65.6657951398913
324,Caso 9,0.04,1.3,1.0,0.27340365885229534,170,-99821789.47496498,1159799559622.8704,8.552178022904719e-05,-1637.3612236967792,0.00031298876267923,50.83683211190272
325,Caso 9,0.04,1.3,1.0,0.20489726719570803,-170,15056535.155560818,-244003573918.53647,6.416958293507372e-05,-1227.0897966619286,0.00031298876267923,34.89620349528827
326,Caso 1,0.04,0.9,0.2,0.3401964322126152,0,-782689651.1903015,7335034759176.971,0.0001067339942780543,-2039.4293610450945,0.0003136217782787035,36.22796851172653
327,Caso 10,0.055,0.9,0.2,0.3401071899494361,0,-583987182.3276697,5473243721373.557,0.00010671860461297997,-2038.8943663345685,0.0003136217782787035,35.423348450891666
328,Caso 10,0.055,0.9,0.2,0.35370436965338503,120,-74680320.91417107,645677424333.032,0.00011096736088059248,-2120.4076101240003,0.0003136218019297123,352.2663597712959
329,Caso 10,0.055,0.9,0.2,0.20506355649564137,-120,-539298284.5107965,8382980693092.126,6.431218724853161e-05,-1228.085670867744,0.00031298876267923,125.71207190940665
330,Caso 10,0.055,0.9,0.2,0.20514272838196845,145,-81373614.09848331,1248172849350.1633,6.429132230384179e-05,-1228.5598158635464,0.00031298876267923,92.63630671676661
331,Caso 10,0.055,0.9,0.2,0.3420540039536216,-145,-45338579.303475924,406541952067.81726,0.00010706467568529926,-2048.4947598541726,0.00031298876267923,203.2017205556747
332,Caso 10,0.055,0.9,0.2,0.20492160708967594,170,-17911658.911057632,271552221040.5296,6.42706080698652e-05,-1227.2355635428082,0.00031298876267923,27.946232758772354
333,Caso 10,0.055,0.9,0.2,0.34122692103663244,-170,-203332916.52575117,1899895619839.7095,0.00010677078731850669,-2043.5415214712446,0.00031298876267923,62.52009516916894
334,Caso 11,0.055,1.1,0.2,0.34020392867925386,0,-646463167.9060079,6057223266574.079,0.00010672709806908377,-2039.4743012993695,0.0003136217782787035,41.703219350906195
335,Caso 11,0.055,1.1,0.2,0.3536557493899776,120,166777134.81845692,-1530801634965.7104,0.000110964909828331,-2120.116138529696,0.0003136218019297123,330.8875157941698
336,Caso 11,0.055,1.1,0.2,0.20485520395096035,-120,256240648.1970552,-4031234115672.852,6.421743985418665e-05,-1226.8378880876915,0.00031298876267923,118.68603848811297
337,Caso 11,0.055,1.1,0.2,0.3425121961449901,-145,73982319.77429964,-709263174729.142,0.00010711447539576884,-2051.2387835819336,0.00031298876267923,187.4693359161436
338,Caso 11,0.055,1.1,0.2,0.34080743483699505,170,-35564698.95649241,326562413423.676,0.00010671983157798278,-2041.0293003837673,0.00031298876267923,75.22039175625271
339,Caso 11,0.055,1.1,0.2,0.3411839808100452,-170,-89944467.6236364,836318042543.2345,0.00010667901183023457,-2043.2843608237029,0.00031298876267923,66.63455587605277
340,Caso 12,0.055,1.3,0.2,0.35459660764962414,0,-104769210.49811938,938971105251.7603,0.00011117601497714337,-2125.7560876916846,0.0003136216948566748,40.26751996160905
341,Caso 12,0.055,1.3,0.2,0.35424225132840914,120,188334864.78414208,-1722023107678.156,0.0001111455714003116,-2123.6321345995816,0.0003136218019297123,333.08268012833986
342,Caso 12,0.055,1.3,0.2,0.2052171955361142,-120,56261385.51621144,-907334924291.608,6.434019008837347e-05,-1229.0057851353151,0.00031298876267923,119.25301273754151
343,Caso 12,0.055,1.3,0.2,0.20484216245134312,145,66704570.262635544,-1062229901398.7365,6.416077683479949e-05,-1226.7597850884056,0.00031298876267923,82.76336341974718
344,Caso 12,0.055,1.3,0.2,0.34169012336922516,-145,182220567.0644974,-1726379793118.2488,0.00010678862793418633,-2046.3155499582697,0.00031298876267923,220.55504070776382
345,Caso 12,0.055,1.3,0.2,0.20483448825454667,170,38737810.747153364,-613932453761.3291,6.42063151967484e-05,-1226.7138258195712,0.00031298876267923,34.16864310669868
346,Caso 12,0.055,1.3,0.2,0.3403624093335984,-170,-69399234.86976431,645153309009.7036,0.0001064196814650952,-2038.364129383947,0.00031298876267923,61.143393039758934
347,Caso 13,0.055,0.9,0.6,0.3521054262354813,120,142994785.07782552,-1323489106415.5488,0.00011052404575736269,-2110.8221707504263,0.0003136218019297123,329.31925765816436
348,Caso 13,0.055,0.9,0.6,0.20525466445553353,-120,23909932.29267417,-403834862031.3566,6.428917846018262e-05,-1229.230179190642,0.00031298876267923,121.71141034895602
349,Caso 13,0.055,0.9,0.6,0.2048746601151525,145,-37039099.92041091,559323849224.5515,6.417321350321964e-05,-1226.954407262833,0.00031298876267923,85.20811796428322
350,Caso 13,0.055,0.9,0.6,0.34180768367627967,-145,20934576.6735951,-214802341375.90836,0.00010686305214835026,-2047.019595723513,0.00031298876267923,194.64905888653666
351,Caso 13,0.055,0.9,0.6,0.34204436809622024,170,-85061016.66655537,788849205979.8723,0.00010704738766731814,-2048.437052582323,0.00031298876267923,57.38123183485231
352,Caso 13,0.055,0.9,0.6,0.3415569615428442,-170,-238668937.08236918,2228617337507.0615,0.00010683407012270673,-2045.5180697346764,0.00031298876267923,65.99210782272894
353,Caso 14,0.055,1.1,0.6,0.3389245187420179,0,-803351755.6746942,7555532786429.439,0.00010634737380471523,-2031.8044201843866,0.00031362177827870335,49.28573799605822
354,Caso 14,0.055,1.1,0.6,0.353323155114794,120,-102758535.11019585,901515681846.4215,0.0001107561181278362,-2118.1222829466446,0.0003136218019297123,318.4301090528472
355,Caso 14,0.055,1.1,0.6,0.20479798342952216,-120,138418995.48160762,-2192952732375.1663,6.419668451912487e-05,-1226.4952055376632,0.00031298876267923,131.4877891380416
356,Caso 14,0.055,1.1,0.6,0.3411762221095917,145,41448711.09351196,-408746482807.04956,0.00010685978196256367,-2043.237895478937,0.00031298876267923,249.19508130669112
357,Caso 14,0.055,1.1,0.6,0.34204240961689036,-145,178972537.89120862,-1691874627191.72,0.00010703074244835435,-2048.425323631344,0.00031298876267923,197.02155385733212
358,Caso 14,0.055,1.1,0.6,0.34215158153776604,170,-105257080.68911405,975807128719.2277,0.00010713937631096437,-2049.0791329867443,0.00031298876267923,88.83689759348428
359,Caso 14,0.055,1.1,0.6,0.34206739659948776,-170,-123723870.25124304,1148972337831.6484,0.00010704117661535519,-2048.574965799901,0.00031298876267923,65.08183216951798
360,Caso 15,0.055,1.3,0.6,0.338598088628008,0,137121059.95477128,-1295150188356.9136,0.00010624964105810327,-2029.8475179484897,0.00031362177827870335,34.98535861472693
361,Caso 15,0.055,1.3,0.6,0.35332442937370545,120,220388391.9962739,-2016910844101.22,0.00011088263071794087,-2118.1299219483785,0.0003136218019297123,331.04455443724095
362,Caso 15,0.055,1.3,0.6,0.2054074849134711,-120,259686845.73236054,-4073908366509.9785,6.431340065969694e-05,-1230.1453911269598,0.00031298876267923,120.93275118227926
363,Caso 15,0.055,1.3,0.6,0.34227658993180765,145,159424409.75313485,-1509047100141.6277,0.00010712146794185672,-2049.8277838932445,0.00031298876267923,232.3392261344903
364,Caso 15,0.055,1.3,0.6,0.3416130850033371,-145,92238139.4756842,-883031631663.5164,0.00010682211616227654,-2045.8541822005318,0.00031298876267923,213.4983613797497
365,Caso 15,0.055,1.3,0.6,0.3408092396105444,170,-104927699.62567648,975883176652.718,0.00010678511807020338,-2041.0401088207855,0.00031298876267923,69.11740565258924
366,Caso 15,0.055,1.3,0.6,0.34145384237407694,-170,-148111432.8005809,1378969835146.3271,0.00010676598159341747,-2044.9005091319098,0.00031298876267923,108.60683956167605
367,Caso 16,0.055,0.9,1.0,0.3533657779698759,120,17459737.729122262,-185484363371.5842,0.00011078302354437015,-2118.3778009272946,0.0003136218019297123,392.7634485662808
368,Caso 16,0.055,0.9,1.0,0.2052197523745872,-120,421222490.56283617,-6598242757376.481,6.431692793585195e-05,-1229.0210975425762,0.00031298876267923,119.87706900698224
369,Caso 16,0.055,0.9,1.0,0.3416665360335331,145,-149201885.25916317,1376440051545.9326,0.00010704834450654257,-2046.174290002223,0.00031298876267923,236.8706375260725
370,Caso 16,0.055,0.9,1.0,0.3419018991661565,-145,-82444407.73248352,751644092373.5844,0.00010687502518079255,-2047.5838339288225,0.00031298876267923,221.5714083739927
371,Caso 16,0.055,0.9,1.0,0.34237316923615413,170,-139370156.5518622,1294832899287.0518,0.0001071268825700191,-2050.4061785226813,0.00031298876267923,69.64043336720232
372,Caso 16,0.055,0.9,1.0,0.34102433395269394,-170,-228409777.1875913,2135576875973.0076,0.0001066201976625302,-2042.3282669118319,0.00031298876267923,59.0541549794408
373,Caso 17,0.055,1.1,1.0,0.3534267531634302,120,-67834174.68753868,583676252768.4095,0.00011091197972796665,-2118.743338578322,0.0003136218019297123,290.4679714909728
374,Caso 17,0.055,1.1,1.0,0.20499379454729835,-120,168083794.70311648,-2655077324570.854,6.41864505629737e-05,-1227.667880156435,0.00031298876267923,122.86093098847212
375,Caso 17,0.055,1.1,1.0,0.3424436318189996,145,142447001.75017506,-1351243275350.9412,0.0001073060819461996,-2050.828165197465,0.00031298876267923,267.74583434520196
376,Caso 17,0.055,1.1,1.0,0.34213756759155156,-145,-1793981.7638514424,-2453610936.595104,0.00010710566634271696,-2048.9952061943272,0.00031298876267923,248.81324201818256
377,Caso 17,0.055,1.1,1.0,0.3418444290331209,170,-170797616.2438846,1589735686924.3994,0.0001069399150843867,-2047.2396565035895,0.00031298876267923,88.02879381546438
378,Caso 17,0.055,1.1,1.0,0.3414624911721364,-170,-30733845.784147196,278994180306.2549,0.0001068700942150653,-2044.9523050977486,0.00031298876267923,87.579368667261
379,Caso 18,0.055,1.3,1.0,0.3533329399136695,0,-2021866608.676006,18248342710785.92,0.00011085208752060047,-2118.1808615616583,0.0003136217782787033,41.74002307442522
380,Caso 18,0.055,1.3,1.0,0.3535152013489762,120,-641182049.1341193,5758017911119.929,0.0001109280783685975,-2119.273572926055,0.0003136218019297123,301.0031667367623
381,Caso 18,0.055,1.3,1.0,0.20494430970032784,-120,-294488767.13529193,4566235740217.063,6.419252038259122e-05,-1227.3715250530313,0.00031298876267923,121.55018531064502
382,Caso 18,0.055,1.3,1.0,0.3414291426006941,145,82916905.16850647,-796562569536.5658,0.00010696812499810142,-2044.7525870033587,0.00031298876267923,261.84169521861617
383,Caso 18,0.055,1.3,1.0,0.34204109352901346,-145,-119595666.96772283,1099236454504.0583,0.00010699117420768061,-2048.417441837568,0.00031298876267923,236.26561554941415
384,Caso 18,0.055,1.3,1.0,0.34162257160246245,170,-309976779.0032293,2894425860255.8276,0.00010698493482674643,-2045.9109955936583,0.00031298876267923,111.24708824836992
385,Caso 18,0.055,1.3,1.0,0.34247677519233644,-170,-181678720.71455154,1688096368210.5894,0.00010717119724738384,-2051.0266544003966,0.00031298876267923,78.49619529608164
386,Caso 19,0.08,0.9,0.2,0.342357177474085,0,-344102324.58084804,3209722256143.9756,0.00010707476275284088,-2050.300673510115,0.00031298579097466033,41.68022194585618
387,Caso 19,0.08,0.9,0.2,0.3532481529078381,120,-31614781.33517935,256981359511.66238,0.00011082267742204792,-2117.6726553365556,0.0003136218019297123,346.98849295892705
388,Caso 19,0.08,0.9,0.2,0.34119749568623164,-120,-111502672.34973893,1016478517829.3246,0.00010672563274297353,-2043.365298782996,0.00031298876267923,343.8308639030472
389,Caso 19,0.08,0.9,0.2,0.34282187434677636,145,-354852355.82386106,3293864238780.9634,0.00010740285107335093,-2053.093385972982,0.00031298876267923,249.52505292068145
390,Caso 19,0.08,0.9,0.2,0.34231363735659454,-145,39993123.72804523,-392569748972.67755,0.00010712505596968418,-2050.0496536993714,0.00031298876267923,202.24072237117693
391,Caso 19,0.08,0.9,0.2,0.3413443556226932,170,-21849216.232996967,199360615773.3737,0.00010683164740374104,-2044.2448143179606,0.00031298876267923,55.21842679673836
392,Caso 19,0.08,0.9,0.2,0.341444975835725,-170,-10690421.664566478,92889655140.35004,0.00010675187687137787,-2044.847409161899,0.00031298876267923,64.41389367274569
393,Caso 1,0.04,0.9,0.2,0.3534863512350037,120,176798268.39387977,-1620564221083.8557,0.00011082924299417278,-2119.100620578081,0.0003136218019297123,283.50194606727126
394,Caso 1,0.04,0.9,0.2,0.3423561041429072,145,-54751692.42732654,494462841483.62256,0.00010701082550231609,-2050.3039790053867,0.00031298876267923,213.98957983253797
395,Caso 1,0.04,0.9,0.2,0.3417355430945308,-145,79054103.50339888,-757560656482.6958,0.00010684652101523875,-2046.587559840356,0.00031298876267923,193.70525677942365
396,Caso 1,0.04,0.9,0.2,0.34156169822926796,170,-100240049.53166625,933517527534.97,0.00010680097850407889,-2045.5464368264395,0.00031298876267923,51.421813345818336
397,Caso 1,0.04,0.9,0.2,0.3419297017576487,-170,-217137674.95533225,2024980952492.2505,0.00010694301442873525,-2047.7503382302598,0.00031298876267923,56.82289448443318
398,Caso 20,0.08,1.1,0.2,0.35413919575028524,120,267005374.56716055,-2433814836784.43,0.00011114961569034711,-2123.0143310018093,0.0003136218019297123,338.18036569640253
399,Caso 20,0.08,1.1,0.2,0.34144599207049325,145,-636411541.4778938,5944317039106.79,0.00010691026136627226,-2044.8534951938516,0.00031298876267923,242.32340739605272
400,Caso 20,0.08,1.1,0.2,0.3424064609908704,170,117048474.10901555,-1100583241471.53,0.00010709100862436406,-2050.605556352774,0.00031298876267923,74.10585667713598
401,Caso 20,0.08,1.1,0.2,0.3414541098996397,-170,-40997348.16537294,376431710224.9721,0.00010675801625000309,-2044.9021112903617,0.00031298876267923,69.13113732635013
402,Caso 21,0.08,1.3,0.2,0.35435926449253613,0,-153591768.3477583,1379156965535.7883,0.0001110905566440811,-2124.333249316564,0.00031362169485667517,40.95016335017598
403,Caso 21,0.08,1.3,0.2,0.35335769213691376,120,-82539082.60818982,718148088317.2776,0.0001108711746383287,-2118.3293275036726,0.0003136218019297123,342.6739607406898
404,Caso 21,0.08,1.3,0.2,0.34184995383300637,-120,-130401876.7273287,1191891533791.7925,0.00010713190720218854,-2047.2727434532635,0.00031298876267923,365.31198566524836
405,Caso 21,0.08,1.3,0.2,0.34147730839717627,145,-274834569.2410844,2555602172669.7383,0.00010693148839110048,-2045.041042570484,0.00031298876267923,218.49896205649043
406,Caso 21,0.08,1.3,0.2,0.341531305536157,-145,-199041652.5171941,1844414027816.3909,0.00010685889123143815,-2045.364420911245,0.00031298876267923,246.88739220912123
407,Caso 21,0.08,1.3,0.2,0.3418233965640748,170,-222434353.43994457,2075934607623.7417,0.00010710859572762872,-2047.1136971459152,0.00031298876267923,69.15958618676683
408,Caso 21,0.08,1.3,0.2,0.34151845150758114,-170,-130353938.07449086,1213167759092.0952,0.00010686321425868128,-2045.2874406394856,0.00031298876267923,72.44266274749198
409,Caso 22,0.08,0.9,0.6,0.35293919128084855,0,-95840251.34824865,862330798755.3204,0.00011070018711582428,-2115.8203943532767,0.00031362177827870335,44.41640687749492
410,Caso 22,0.08,0.9,0.6,0.34214365442146244,-120,31122014.418323226,-320039419171.5629,0.00010712318505474004,-2049.031659032278,0.00031298876267923,289.4528354642682
411,Caso 22,0.08,0.9,0.6,0.34236646196385073,145,-36447773.5693058,321386935150.32416,0.00010708859368208887,-2050.3660099761723,0.00031298876267923,232.59242357476217
412,Caso 22,0.08,0.9,0.6,0.3425583287550177,-145,150136318.01747158,-1421436726418.2185,0.00010720680562588839,-2051.515062791671,0.00031298876267923,236.42289126951223
413,Caso 22,0.08,0.9,0.6,0.3417564025917908,170,-42059106.15683502,387041643178.51685,0.00010704632401254602,-2046.712483303717,0.00031298876267923,57.45164254798156
414,Caso 22,0.08,0.9,0.6,0.34149035715426884,-170,-323056621.5548749,3018393659249.131,0.00010689899701842192,-2045.119189033375,0.00031298876267923,65.12384230022451
415,Caso 23,0.08,1.1,0.6,0.3416708730114687,0,-64988810.310307175,602241850574.6221,0.00010686239597047214,-2046.1907708641245,0.0003129858587362686,44.27152277907633
416,Caso 23,0.08,1.1,0.6,0.34171296800154366,-120,71241300.96782428,-695963272746.5437,0.00010692860029190317,-2046.452362008573,0.00031298876267923,311.2502781975029
417,Caso 23,0.08,1.1,0.6,0.3418219517613351,145,-113102265.11359915,1037808813978.1405,0.00010690671620358519,-2047.1050445039143,0.00031298876267923,249.03376609194663
418,Caso 23,0.08,1.1,0.6,0.3416343080159823,-145,178388506.0358022,-1690856326932.8567,0.00010683061099494269,-2045.9812826866819,0.00031298876267923,228.50902968973855
419,Caso 23,0.08,1.1,0.6,0.3419788544171325,170,-283508804.1555371,2643502972865.942,0.00010705423677436618,-2048.0447039275523,0.00031298876267923,107.5190987323021
420,Caso 23,0.08,1.1,0.6,0.3418498905098141,-170,-118197784.53163666,1098389772769.181,0.00010690945817474633,-2047.2723642230073,0.00031298876267923,78.2473379217066
421,Caso 24,0.08,1.3,0.6,0.34167455342176994,0,-246806453.86586887,2305409074484.032,0.00010686173972312068,-2046.2128120218183,0.0003129858587362686,41.51594836535079
422,Caso 24,0.08,1.3,0.6,0.3425835069485594,-120,-27090955.410608865,224119524354.85065,0.00010709121024413258,-2051.665850085305,0.00031298876267923,350.19666035969294
423,Caso 24,0.08,1.3,0.6,0.34125644487242274,145,-195901239.5842548,1816370189398.092,0.00010688535168092522,-2043.718333969295,0.00031298876267923,244.55660770196204
424,Caso 24,0.08,1.3,0.6,0.3413056064366143,-145,20448911.26908222,-212367998573.2535,0.00010668654280776598,-2044.0127529951465,0.00031298876267923,230.88293647999222
425,Caso 24,0.08,1.3,0.6,0.2046439490196388,170,5491879.927582962,-96099383588.01564,6.410594708646776e-05,-1225.5727234797537,0.00031298876267923,42.00231233639601
426,Caso 24,0.08,1.3,0.6,0.3414729526636223,-170,-121607161.4175208,1131533447972.7075,0.00010676035905507304,-2045.0149569312064,0.00031298876267923,76.14266126272398
427,Caso 25,0.08,0.9,1.0,0.20508073511685385,145,102242563.0365524,-1614771868183.1677,6.428933968587353e-05,-1228.1885502818966,0.00031298876267923,84.48790095797477
428,Caso 25,0.08,0.9,1.0,0.341719005061557,-145,152807170.32340446,-1451202563842.4092,0.00010695283481815978,-2046.488516784308,0.00031298876267923,221.97081854491225
429,Caso 25,0.08,0.9,1.0,0.20497812019838893,170,70249237.38664597,-1106224778922.6357,6.425874413684248e-05,-1227.5740095359074,0.00031298876267923,34.13214646548081
430,Caso 25,0.08,0.9,1.0,0.34132111074824883,-170,-248572060.3298814,2323578319119.949,0.00010677752272787765,-2044.1056052955769,0.00031298876267923,63.1406091547344
431,Caso 26,0.08,1.1,1.0,0.3421332935770835,-120,11298361.615046011,-135584238517.41158,0.00010718049528627162,-2048.969609954727,0.00031298876267923,348.022781780576
432,Caso 26,0.08,1.1,1.0,0.3412501200686099,145,-36992065.64812462,325148997265.6395,0.00010693989206332136,-2043.6804559520288,0.00031298876267923,228.36029163905891
433,Caso 26,0.08,1.1,1.0,0.3429691108915715,-145,387080376.24838245,-3628953023707.577,0.00010742590557989544,-2053.9751569418518,0.00031298876267923,210.54977187576566
434,Caso 26,0.08,1.1,1.0,0.34232690881639716,170,-319867527.63445497,2979118690277.8496,0.0001073105152784852,-2050.1291338853857,0.00031298876267923,102.07029771197969
435,Caso 26,0.08,1.1,1.0,0.34171935500391776,-170,-75925921.20589408,701801077688.8279,0.00010702695753505228,-2046.4906125208993,0.00031298876267923,85.50104407593149
436,Caso 27,0.08,1.3,1.0,0.3425335784814847,-120,-132598313.79586457,1208508615771.7234,0.00010724946021872052,-2051.3668382275637,0.00031298876267923,336.5875728008959
437,Caso 27,0.08,1.3,1.0,0.3414166817319051,145,103016057.87483828,-986352613559.3997,0.00010698861168035688,-2044.677961288932,0.00031298876267923,248.4605640855803
438,Caso 27,0.08,1.3,1.0,0.3418440254150995,-145,122910341.45836745,-1170713388572.6133,0.00010701184382527404,-2047.2372393139285,0.00031298876267923,229.63203822333182
439,Caso 27,0.08,1.3,1.0,0.3422978186387593,170,-223531964.75343204,2080934491041.6702,0.00010717488602303859,-2049.954918481486,0.00031298876267923,105.21778674858379
440,Caso 27,0.08,1.3,1.0,0.20513931494510143,-170,-56757207.643684715,874192920155.6606,6.435150896478513e-05,-1228.5393734554636,0.00031298876267923,38.20765117946358
441,Caso 2,0.04,1.1,0.2,0.34189022483378545,-120,-102914189.69446445,936348016877.9983,0.00010698950464381133,-2047.5139186276992,0.00031298876267923,286.46684770599086
442,Caso 2,0.04,1.1,0.2,0.3417025828305364,145,14119178.662406549,-149202011633.27777,0.00010701144192733023,-2046.3901672435863,0.00031298876267923,187.43065175701466
443,Caso 2,0.04,1.1,0.2,0.20537419935602294,-145,163782359.4280209,-2569184454496.06,6.442185475677335e-05,-1229.9460504110984,0.00031298876267923,76.14718325018595
444,Caso 2,0.04,1.1,0.2,0.34216860601019233,170,134574192.42116198,-1264429996849.5964,0.000107141698477839,-2049.1810892338613,0.00031298876267923,57.514767456824316
445,Caso 2,0.04,1.1,0.2,0.20544324058488395,-170,-150445055.27437234,2333879191833.805,6.445822538721943e-05,-1230.3595248739052,0.00031298876267923,28.546088240653074
446,Caso 3,0.04,1.3,0.2,0.35511413111062096,0,-187740627.64399266,1683013479078.5876,0.00011133910508196387,-2128.858567027371,0.000313621694856675,40.708036487272466
447,Caso 3,0.04,1.3,0.2,0.34209927044923466,-120,42160599.3845745,-420220458080.7594,0.00010711318548051238,-2048.765852073496,0.00031298876267923,288.00653232073546
448,Caso 3,0.04,1.3,0.2,0.34140027093689135,145,75205742.98299488,-721390113419.8037,0.00010685767281106725,-2044.5796802362265,0.00031298876267923,196.95251263441742
449,Caso 3,0.04,1.3,0.2,0.2054107839007565,-145,-126476450.18795678,1950781995714.2578,6.44401913845613e-05,-1230.1651481188057,0.00031298876267923,79.38545272486301
450,Caso 3,0.04,1.3,0.2,0.3414410985684372,170,-163056218.88835114,1521031054082.6177,0.00010696750403695907,-2044.8241889638314,0.00031298876267923,61.892021416763065
451,Caso 3,0.04,1.3,0.2,0.20494728586762292,-170,24809471.719307013,-395265256333.07916,6.417818252595408e-05,-1227.3893487388762,0.00031298876267923,28.062326432261507
452,Caso 4,0.04,0.9,0.6,0.3414425091982054,-120,44252839.52055155,-443967434121.90314,0.00010679719321212902,-2044.8326369505671,0.00031298876267923,289.06830878787906
453,Caso 4,0.04,0.9,0.6,0.3415659651309472,145,-8356916.774701989,60439698097.98865,0.00010698823237801405,-2045.571990468934,0.00031298876267923,222.0364873912687
454,Caso 4,0.04,0.9,0.6,0.20514576001018853,-145,12445264.721351333,-213431233454.5048,6.429872104094365e-05,-1228.5779716940613,0.00031298876267923,82.6856995467806
455,Caso 4,0.04,0.9,0.6,0.3418930201925818,170,-112420057.4083809,1045797999648.5682,0.00010703993718801402,-2047.5306594866865,0.00031298876267923,60.47797030514887
456,Caso 4,0.04,0.9,0.6,0.20487403065175738,-170,-49097133.11569899,757722536071.2684,6.424116139037162e-05,-1226.9506375292483,0.00031298876267923,32.71581885618109
457,Caso 5,0.04,1.1,0.6,0.20491711419495667,0,-189535592.1290511,2950950181315.3623,6.424207610668073e-05,-1227.2029633727534,0.0003129858587362684,21.702935029908588
458,Caso 5,0.04,1.1,0.6,0.3423754848739191,120,1049234545.3493043,-9830483155643.988,0.0001071884866133664,-2050.4200464259147,0.00031298876267923,308.3266599317025
459,Caso 5,0.04,1.1,0.6,0.34214162173070123,-120,-146422450.32658604,1342702376948.415,0.0001071074236846524,-2049.0194856435014,0.00031298876267923,332.2261596704766
460,Caso 5,0.04,1.1,0.6,0.3412166364522101,145,85371812.95392668,-818479913986.8762,0.0001068133008226038,-2043.47992909971,0.00031298876267923,200.8286485872665
461,Caso 5,0.04,1.1,0.6,0.20528657715354992,-145,84302853.90129061,-1332503919825.0671,6.434656726354038e-05,-1229.421298118951,0.00031298876267923,84.58253714980296
462,Caso 5,0.04,1.1,0.6,0.34122214008518864,170,-121249049.70774764,1130100234184.789,0.0001067705913843872,-2043.512889284904,0.00031298876267923,67.52294287827556
463,Caso 5,0.04,1.1,0.6,0.20508052438737526,-170,-155363975.80446106,2413939217548.8477,6.434588601502164e-05,-1228.1872882641226,0.00031298876267923,30.537940335367885
464,Caso 6,0.04,1.3,0.6,0.3415823445161394,120,-813129242.2567325,7585826094597.307,0.00010700042791490826,-2045.67008341434,0.00031298876267923,299.85971542340474
465,Caso 6,0.04,1.3,0.6,0.3415694377077052,-120,3170471.180190393,-57243284110.25122,0.00010687476072198507,-2045.5927870542967,0.00031298876267923,328.7334427041975
466,Caso 6,0.04,1.3,0.6,0.3412468498745763,145,28243221.56923968,-281985131912.41254,0.00010673209712262106,-2043.6608713973562,0.00031298876267923,205.98217114702484
467,Caso 6,0.04,1.3,0.6,0.2052053850300297,-145,-14059273.629384099,199882641201.63614,6.431309041328296e-05,-1228.9350543163637,0.00031298876267923,71.15765150601506
468,Caso 6,0.04,1.3,0.6,0.34170873463166096,170,-56381044.67822058,521038829218.88574,0.00010692184807404778,-2046.4270091814724,0.00031298876267923,70.18133225044255
469,Caso 6,0.04,1.3,0.6,0.20502154469195072,-170,-32528645.127208155,499003297073.53955,6.429862692275806e-05,-1227.834070363971,0.00031298876267923,27.259969922982613
470,Caso 7,0.04,0.9,1.0,0.341315386653169,120,164738673.96128213,-1573044719126.8057,0.00010685736070618025,-2044.0713248058285,0.00031298876267923,341.75569383869953
471,Caso 7,0.04,0.9,1.0,0.3408533669052207,-120,30509241.959247105,-315847267874.7839,0.00010671717515371559,-2041.304378587741,0.00031298876267923,353.42298711530043
472,Caso 7,0.04,0.9,1.0,0.3428556321087996,145,120128181.8839144,-1140764272437.8176,0.00010727746522647004,-2053.2955546300063,0.00031298876267923,232.870332704206
473,Caso 7,0.04,0.9,1.0,0.20505526509857594,-145,297678001.67411417,-4665287404559.721,6.428483226104708e-05,-1228.0360153067973,0.00031298876267923,91.12853103586517
474,Caso 7,0.04,0.9,1.0,0.3419780832046004,170,-117355983.51032233,1091242700751.8568,0.0001070510090468184,-2048.040085286015,0.00031298876267923,64.35381898570228
475,Caso 7,0.04,0.9,1.0,0.2052005852905828,-170,10772710.067844728,-177017231611.52417,6.435644541343983e-05,-1228.9063096123346,0.00031298876267923,30.533673463913953
476,Caso 8,0.04,1.1,1.0,0.341673487396764,-120,127525931.70498122,-1221837650876.4087,0.00010700917554084506,-2046.2159203617211,0.00031298876267923,348.2522535411466
477,Caso 8,0.04,1.1,1.0,0.34186449166840466,145,73065412.41856009,-701838953237.5605,0.0001070494584255924,-2047.3598077158908,0.00031298876267923,193.13341361586947
478,Caso 8,0.04,1.1,1.0,0.20515323196932458,-145,-32740690.272777837,490645151842.68384,6.425672238783933e-05,-1228.6227198009656,0.00031298876267923,73.67181128813691
479,Caso 8,0.04,1.1,1.0,0.3423926385585764,170,-105390257.75822158,977596798718.7166,0.0001071574592631366,-2050.522776499898,0.00031298876267923,83.6739355555909
480,Caso 8,0.04,1.1,1.0,0.20502107628255076,-170,-37110232.1403984,569947186904.0067,6.428261777646532e-05,-1227.8312651513725,0.00031298876267923,32.50398375220022
481,Caso 9,0.04,1.3,1.0,0.3424167766339235,-120,277626008.50257546,-2623879524961.617,0.00010727039099802674,-2050.6673347283945,0.00031298876267923,325.643063305756
482,Caso 9,0.04,1.3,1.0,0.34147574581876683,145,-116651419.78435622,1075299298942.8147,0.00010682044402475712,-2045.0316845929522,0.00031298876267923,164.76242497356276
483,Caso 9,0.04,1.3,1.0,0.20495239963142814,-145,21944302.699977357,-361883255460.32947,6.429430566809117e-05,-1227.4199740735808,0.00031298876267923,65.6657951398913
484,Caso 9,0.04,1.3,1.0,0.34175457673925835,170,-166769378.1584343,1554509750430.863,0.00010705910238685004,-2046.7015486287773,0.00031298876267923,68.03334226071229
485,Caso 9,0.04,1.3,1.0,0.20489726719570803,-170,15056535.155560818,-244003573918.53647,6.416958293507372e-05,-1227.0897966619286,0.00031298876267923,34.89620349528827
486,Caso 25,0.08,0.9,1.0,0.3535585948692358,0,-546733988.7909032,4928457268892.03,0.00011091490571709441,-2119.5336310156295,0.0003136217782787033,41.50689569734237
487,Caso 26,0.08,1.1,1.0,0.3529589507539526,0,-532986362.3164363,4810098173304.38,0.00011073702341328395,-2115.9388495920484,0.0003136217782787033,78.52451045235938
488,Caso 27,0.08,1.3,1.0,0.35368278505227635,0,-787915981.5125353,7101653239015.922,0.00011096421183755355,-2120.2781335490604,0.0003136217782787033,42.72750713733533
489,Caso 3,0.04,1.3,0.2,0.2795216136498009,0,-46212.922854077355,2087584.0173838295,0.0010517482133312727,-5443.640753187175,0.003309760063614521,42.29615885346748
490,Caso 4,0.04,0.9,0.6,0.35314186226412375,0,-924501746.2157898,8346323809411.59,0.0001107998947791623,-2117.0353781531803,0.00031362177827870335,42.98910354545057
491,Caso 5,0.04,1.1,0.6,0.3532910275460253,0,-338061529.1330098,3048176678895.3843,0.00011082415741512923,-2117.9296028620643,0.00031362177827870335,43.088897751220856
492,Caso 6,0.04,1.3,0.6,0.35323919922673963,0,849780766.5269932,-7676756596281.405,0.00011084788709277935,-2117.6188994387585,0.00031362177827870335,40.57262867588285
493,Caso 7,0.04,0.9,1.0,0.3534561658963861,0,-1176745334.7441854,10615100786480.045,0.00011089031171494272,-2118.9195838509,0.0003136217782787033,44.20721332390199
494,Caso 8,0.04,1.1,1.0,0.35305146364018813,0,-283377740.1319446,2555796185442.48,0.00011080523057561139,-2116.4934512239256,0.0003136217782787033,44.10721416867197
495,Caso 9,0.04,1.3,1.0,0.353326248670356,0,-207091087.92823094,1865759690302.4705,0.00011083109472365485,-2118.140748507013,0.0003136217782787033,42.00210337200503
496,Caso 1,0.04,0.9,0.2,0.3401964322126152,0,-782689651.1903015,7335034759176.971,0.0001067339942780543,-2039.4293610450945,0.0003136217782787035,36.22796851172653
497,Caso 10,0.055,0.9,0.2,0.3401071899494361,0,-583987182.3276697,5473243721373.557,0.00010671860461297997,-2038.8943663345685,0.0003136217782787035,35.423348450891666
498,Caso 10,0.055,0.9,0.2,0.33910864290694703,-145,-343009556.0353329,3210071071957.319,0.00010645714437946021,-2032.908295092167,0.0003136218019297123,163.49963164596636
499,Caso 10,0.055,0.9,0.2,0.3396692567980438,-170,-41449546.740262404,384254281029.7151,0.00010661889438076521,-2036.2690959841314,0.0003136218019297123,56.36039285551325
500,Caso 11,0.055,1.1,0.2,0.34020392867925386,0,-646463167.9060079,6057223266574.079,0.00010672709806908377,-2039.4743012993695,0.0003136217782787035,41.703219350906195
501,Caso 11,0.055,1.1,0.2,0.33930659655759526,-145,205090088.83474147,-1944365589703.5005,0.00010649284621236412,-2034.0949991967777,0.0003136218019297123,148.561912529189
502,Caso 11,0.055,1.1,0.2,0.33927734223366574,-170,325564651.6085508,-3067559694291.1978,0.0001065234637509885,-2033.919623667349,0.0003136218019297123,66.12121910445495
503,Caso 12,0.055,1.3,0.2,0.25363752443583437,0,15754.88426069569,-66122313.79871249,0.0011005706186457335,-5294.547207999733,0.003802585834483395,49.92233311549558
504,Caso 12,0.055,1.3,0.2,0.3393182940574223,-145,283913819.778781,-2686872291475.332,0.00010651815193098738,-2034.1651240518281,0.0003136218019297123,198.16349796329632
505,Caso 12,0.055,1.3,0.2,0.3386251126114019,-170,78183708.33740886,-743260698910.5652,0.00010643121116999836,-2030.0095994401904,0.0003136218019297123,69.8957520402169
506,Caso 13,0.055,0.9,0.6,0.3388497267067688,-145,57876105.21654396,-563148591619.2579,0.00010637573634545466,-2031.356129135664,0.0003136218019297123,159.78237885183245
507,Caso 13,0.055,0.9,0.6,0.33930354211124836,-170,-399023874.7874264,3745680773010.532,0.00010653468924437806,-2034.0766882234495,0.0003136218019297123,68.69918540866935
508,Caso 14,0.055,1.1,0.6,0.3389245187420179,0,-803351755.6746942,7555532786429.439,0.00010634737380471523,-2031.8044201843866,0.00031362177827870335,49.28573799605822
509,Caso 14,0.055,1.1,0.6,0.3395905923823314,-145,-187832892.70450452,1748060964369.5767,0.00010644410315271555,-2035.7975139511304,0.0003136218019297123,185.2577095689189
510,Caso 14,0.055,1.1,0.6,0.3388325738080455,-170,-16797676.402515706,150778648859.79288,0.00010621819524588075,-2031.2532999367368,0.0003136218019297123,76.89496831754562
511,Caso 15,0.055,1.3,0.6,0.338598088628008,0,137121059.95477128,-1295150188356.9136,0.00010624964105810327,-2029.8475179484897,0.00031362177827870335,34.98535861472693
512,Caso 15,0.055,1.3,0.6,0.3394291201442945,-145,-25375567.943246916,221162255902.3487,0.00010657270423389426,-2034.8295107492115,0.0003136218019297123,189.66971853771
513,Caso 15,0.055,1.3,0.6,0.33917134821762085,-170,-197341540.17677423,1848738401025.4165,0.00010650179662090619,-2033.2842045503348,0.0003136218019297123,81.68966481802363
